sample_id,price,price_pred_oof,error,abs_error,pct_error,catalog_content,image_link
229126,2796.0,158.50624263001802,-2637.493757369982,2637.493757369982,94.3309641405573,"Item Name: 4Patriots 1-Year Survival Food Kit: Emergency Food Supply Designed to Last 25 Years, 2,752 Servings
Bullet Point 1: 2,752 EMERGENCY FOOD SERVINGS: 24 delicious survival food recipes like Grammy's Sweet Oatmeal and America's Finest Mac & Cheese. This freeze-dried food has about 7.6 servings a day. Your Emergency Food Supply has an average of 543,360 calories (~1,509 a day - you may want or need more). Perfect prepper supplies with a 25 year shelf life.
Bullet Point 2: “DISASTER-RESISTANT” EMERGENCY FOOD: Triple-layer Mylar premium packaging acts as a barrier to protect your survival food against things that harm your food: air, light & moisture. We use a high-tech, high-capacity oxygen absorber to suck OUT any excess air. So your emergency food supply can keep an amazing 25 year shelf life. (longer than MREs).
Bullet Point 3: PACKED IN USA, NO ADDED MSG: Your survival food is packed at a family-owned facility in Utah using the best ingredients from the US & around the world. The folks that make your emergency food are experts in their field; nutritionists, chefs, engineers, & quality control inspectors. Our facility is SQF certified & registered with the USDA and FDA.
Bullet Point 4: EASY TO PREPARE SURVIVAL MEALS: Your prepper food is easy to make & tastes better than MREs. Just add boiling water, simmer and serve. It takes about 15 minutes from start to finish. In an instant, you'll have tasty emergency food to get you through a crisis. With 24 unique survival meals, you get delicious variety in your emergency food supply.
Bullet Point 5: LONG-TERM PEACE OF MIND: With a 1-Year supply of survival food on hand, you’ll be better prepared to handle an emergency situation. From dangerous storms and blackouts to supply chain disruptions, this long-lasting food store could be a lifesaver in a crisis.
Bullet Point 6: DESIGNED WITH A 25 YEAR SHELF LIFE: Storage conditions impact 25 year shelf life of your prepper supplies. For best results, protect food from heat, air & moisture. Avoid temps above 75 F°. Keep emergency food sealed until ready to eat. Shelf life varies based on storage conditions.You may want or need more calories. See below for more info.
Bullet Point 7: +YOU MAY WANT OR NEED MORE CALORIES PER DAY especially if you’re pregnant, a child, elderly, or have health conditions. Your survival food kit is designed to provide energy & nutrients for 1 person in an emergency, not to be a complete caloric replacement during normal times. We recommend an emergency food supply for everyone in your family.
Bullet Point 8: *Ships in Mulitple Packages
Product Description: The 1-Year Survival Food Kit gives you 2,752 servings of delicious emergency food to add to your prepper supplies. This freeze-dried food is designed with a 25 year shelf life (longer than MREs). You get ""stick-to-your-ribs"" emergency food for breakfast, lunch, and dinner. Not to mention, mouthwatering desserts to stockpile in your survival food supply. Plus, real milk and energy drinks to wash it all down. Each 1-Year Survival Food Supply gives you: 2,752 servings – (7.6/day average) 543,360 total calories – (~1,509 per day)+ 24 delicious recipes you can prepare in minutes It's the perfect long-term emergency food supply for Americans. And a great stash for your prepper supplies. The secret is our incredible 25 year shelf life. Our freeze-dried food uses an advanced sealing process to give your prepper food an amazing 25 year shelf life. It’s why we recommend this survival food over MREs. And now, you get a 1 year supply of tasty survival food shipped straight to your door. +You may want or need more calories per day,+ especially if you’re pregnant, a child, elderly, or have other health conditions.
Value: 1.0
Unit: Count
",https://m.media-amazon.com/images/I/81WiVwz7KkL.jpg
134909,1280.0,75.37702348692547,-1204.6229765130745,1204.6229765130745,94.11117004008395,"Item Name: Royal Amber Osetra Caviar - Russian Sturgeon Roe - Giaveri Italian (16 ounce (450 grams))
Bullet Point 1: Grade #1 , malossol cured, high quality sturgeon roe
Bullet Point 2: Acipenser Gueldenstaedtii - Fresh, imported caviar produced from 100% Russian sturgeon
Bullet Point 3: Sustainably farmed, malossol cured, hand packed and quality checked for color, size, freshness, flavor and texture
Bullet Point 4: Medium to large pearls - amber color - Smooth, nutty and full-flavored, a signature Osetra taste profile
Product Description: Fine, royal amber roe from the Russian Sturgeon is essential for any caviar tasting. This Osetra, expertly crafted by the prestigious Giaveri farm in Italy, is no exception. Its medium sized beads with light brine flavor and fruity, nutty notes, make this a must try for lovers of true caviar.
Value: 16.0
Unit: Ounce
",https://m.media-amazon.com/images/I/31fGy7wOV7L.jpg
62251,1188.0,69.77960257767761,-1118.2203974223223,1118.2203974223223,94.12629607932006,"Item Name: 495 days proteins meal 33 bottles x180 food 25 years shelf life gluten free none GMO 5940 delicious meal tablets Vanilla
Bullet Point 1: Food proteins meal backup for the situations such as natural disasters. This is the best possible food in the smallest possible volume. Created to supply the body with all the daily essential vitamins and minerals needed when facing uncertainty. The compact design allows for easy storage and is perfect for individual emergency kits.
Bullet Point 2: Food proteins meal contain 100% of 15 Essential Vitamins & Minerals. Made with the highest quality protein. GLUTEN FREE and NON-GMO
Bullet Point 3: This SHTF Bugout Food Combo will sustain a person for 495 days | This calculation is based upon one average person. Consumption requirements may vary from person to person.
Bullet Point 4: Flavor: Vanilla | Contains: 33 Bottles x 180 tablets.
Product Description: <p>Emergency Food tablet contain 100% of the U.S. RDA of 15 Essential Vitamins & Minerals. Made with the highest quality protein which is essential in survival situations where your body needs to assimilate as much as possible from what you eat. With most the food we eat 30%-60% of the calorie content leaves the body unused. Emergency Food tablet have such a highly concentrated formula that 99% of their calorie content is absorbed by the body with 97% of the protein content being available to repair or replacement of muscles, nerves, etc.</p> <p><b>SHELF LIFE AND SUSTAINABILITY</b></p> <p>We have samples of Emergency Food tablet that were produced in 1974-75. Emergency Food tablet has been stored at room temperature. We test them periodically and have found little, if any, deterioration or loss of vitamin or food value. Our results showed negligible loss in these areas. Freezing temperatures will have no effect at all on these tablets.We would estimate the shelf-life for Emergency Food tablet to be 25 years, but suggest rotating them to ensure maximum food value every 2-3 years.</p> <p><b>NUTRITION</b></p> <p>Twelve 3.9 grams of Emergency Food tablet contains: Fat 25%, Protein 9%, Carbohydrates 58%, Iron 18 mg. (as Ferrous Fumarate), other minerals, 2% (from milk solids), and the following vitamins in percentages shown of their USRDA adult allowance. There are approximately 20 calories in a 3.9 gram Emergency Food tablet.<br/> Vitamin A........ ..... 5,000 I.U...... ...100%<br/> Vitamin D........ ..... 400 I.U. ...........100%<br/> Vitamin E.......... ... 30 E.I.U. ..........100%<br/> Thiamine (B1). ..... 1.5 mg. .............100%<br/> Riboflavin ... ..........1.7 mg. ............100%<br/> Niacin ... ...............20.0 mg. ..........100%<br/> Pyridoxine (B6)..... 2.0 mg. ............100%<br/> Folic Acid ... .........0.4 mg. ............100%<br/> Vitamin B12 ... ......3.0 mg. ............100%<br/> Vitamin C ... ..........60.0 mg. .........100%</p>
Value: 33.0
Unit: Count
",https://m.media-amazon.com/images/I/71z7pFftrIL.jpg
236048,921.5,134.51246771116473,-786.9875322888353,786.9875322888353,85.40287925000925,"Item Name: Organic Pistachios Shelled Raw, 30 Lbs. Bulk Case, Kosher
Bullet Point 1: USDA Organic Pistachios
Bullet Point 2: Kosher Parve (O-K)
Bullet Point 3: FSSC 22000 Certified Facility
Value: 480.0
Unit: Ounce
",https://m.media-amazon.com/images/I/81eC194y1zL.jpg
195806,1010.54,224.75277118017448,-785.7872288198255,785.7872288198255,77.75914153025367,"Item Name: China Beauty Rings Tea (Loose) (8 oz, ZIN: 510605) - 2 Pack
Bullet Point 1: China Beauty Rings Tea (Loose) (8 oz, ZIN: 510605)
Bullet Point 2: No fillers.
Bullet Point 3: Manufacturer: TerraVita
Bullet Point 4: Size: 8 oz
Bullet Point 5: Loose Leaf Herbal Tea - Packed in a convenient upright pouch!
Product Description: China Beauty Rings Tea (Loose) (8 oz, ZIN: 510605)<BR><BR>Packaged in the United States in a GMP certified facility (Good Manufacturing Practice).<BR><BR>No fillers.<BR><BR>Manufacturer: TerraVita<BR><BR>Size: 8 oz<BR><BR>Loose Leaf Herbal Tea - Packed in a convenient upright pouch!<BR><BR>Ingredients: Green Tea
Value: 16.0
Unit: Ounce
",https://m.media-amazon.com/images/I/81xJvPGH3YL.jpg
262694,779.25,50.32046998166023,-728.9295300183397,728.9295300183397,93.54244851053446,"Item Name: Numanna Family Pack Bucket 432 Servings Easy Prep Survival Meals Emergency Food Supply Everyday Meals Camping Food Non-Gmo, No Added Preservatives Made in USA 25+ Year Shelf Life Long Term Meal
Bullet Point 1: TRIPLE FAMILY PACK:- The Triple Family Pack is great as the back-bone of any food storage program. It mixes well with other stores you might have or stands alone with a shelf-life over 25+ years. Each Pack contains 144 servings (432 total) of high quality food that is good enough to eat now. NuManna Foods will be there when you need them…tomorrow night or 25 years from now. As easy to fix and good as they taste, you just may not wait for an emergency.
Bullet Point 2: NUMANNA FAMILY PACK:- When we began creating food storage solutions, it was because we did not want to rely on the low-quality options available on the market. Many companies were selling products heavy on breakfast items and sugary drink mixes that provided nothing but cheap, empty calories. That was not what we wanted for our family, and we knew it wasn’t what our customers wanted either. Through discussions with many people, the NuManna Family Pack emerged—a best-selling Family Food Stockpile that offers a mix of recipes suitable for any taste and situation.
Bullet Point 3: FAMILY FOOD STOCKPILE:- The NuManna Family Pack serves as the backbone of any Family Food Stockpile. It is a great source of delicious nutrition on its own and pairs well with other food stores. At NuManna, we take pride in creating food that is not only nutritious but also enjoyable enough to eat every day. With a 25+ year shelf life, this Family Food Stockpile will be ready when you need it, ensuring long-term security for your family.
Bullet Point 4: EACH FAMILY BUCKET CONTAINS:- Sweet Habanero Chili w/Pineapple (2 x 6 servings), Rice Pilaf (1 x 10 servings), Black Bean Soup (1 x 10 servings), Classic Chili (1 x 10 servings), Cheesy Potato Soup (1 x 10 servings), Oatmeal w/ Brown Sugar (1 x 10 servings), Cheddar Broccoli Soup (1 x 10 servings), Pancake Mix (1 x 10 servings), Granola/Multi-Grain Cereal (1 x 10 servings), Mac n’ Cheese (1 x 6 servings), Hawaiian Style Sweet ‘n Sour (1 x 6 servings), Potato Casserole (1 x 6 servings), Pasta Primavera (1 x 6 servings), Enchilada, Beans, and Rice (1 x 6 servings), Pasta Alfredo (1 x 6 servings), Italian Pasta w/Marinara Sauce (1 x 6 servings), Creamy Vegetable and Rice Soup (1 x 10 servings)
Bullet Point 5: EMERGENCY PREPAREDNESS FOOD:- The Family Pack provides a comprehensive Family Food Stockpile that ensures your family's dietary needs are met, no matter what the future holds. This Family Food Stockpile offers peace of mind and sustenance, making it an essential component of your emergency preparedness plan.
Bullet Point 6: NUTRIENT DENSE MEALS:- The pack contains nutritious meals made from high-quality ingredients, including non-GMO products, that are free from artificial flavors, preservatives, and chemicals. The meals are formulated to provide energy and essential nutrients, keeping families healthy during times of emergency.
Bullet Point 7: EASY TO PREPARE:- Designed for ease of use during emergencies, all the meals in the NuManna Family Pack require only water for preparation. This convenience is key when dealing with limited resources during disasters.
Bullet Point 8: LONG SHELF LIFE:- Like other NuManna products, the Family Pack is designed for long-term storage, with a shelf life of up to 25 years when stored properly. This makes it a great investment for long-term preparedness.
Value: 3.0
Unit: Count
",https://m.media-amazon.com/images/I/812s9xubmAL.jpg
190026,739.99,25.66482107921223,-714.3251789207877,714.3251789207877,96.53173406678303,"Item Name: Crystal Geyser Pallet Of 84 Cases, Of Alpine 100% Natural Spring Water, 24 16.9oz bottles per Case, Bottled at The Source
Bullet Point 1: SIZE: Pallet of 84 Cases of 24-Bottle Cases, Total of 2016 Bottles, 16.9fl. Oz
Bullet Point 2: TASTE THE DIFFERENCE: 100% Natural Alpine Spring Water - Not just Filtered TAP Water
Bullet Point 3: QUALITY: Crystal Geyser Alpine Spring Water is the only major U.S. bottled water that's captured directly at authentic natural springs
Bullet Point 4: PACKAGED: All our packaging is 100% recyclable, and we ensure environmental efficiency throughout our manufacturing process
Value: 34070.4
Unit: Fl Oz
",https://m.media-amazon.com/images/I/A1Th9c7NqNL.jpg
272914,691.16,40.607859399580974,-650.552140600419,650.552140600419,94.12468033457073,"Item Name: Topps Juicy Drop Pop, 18 count per pack -- 16 per case.
Product Description: Topps Juicy Drop Pop, 18 count per pack -- 16 per case. 0.92 Ounce, Laydown Box
Value: 16.0
Unit: Count
",https://m.media-amazon.com/images/I/71pIYhTtyoL.jpg
227791,679.92,81.98099488656864,-597.9390051134313,597.9390051134313,87.9425528170125,"Item Name: Alex's Low Acid Organic Coffee Ultimate 5lb Bag Variety Pack
Bullet Point 1: These certified USDA organic premium coffee beans are specially processed to contain low to no chlorogenic acid with full flavor and are free of mold & mycotoxins.
Bullet Point 2: Alex's Low Acid French Roast Coffee is a special blend of three highly sought-after beans (50% Chiapas, 25% Nicaragua, 25% Honduras) and is mild, delicate, and balanced. It is perfectly roasted to a medium-leaning dark, almost French, Roast. It is dark enough to have a full body and chocolatey personality, but there is no burnt or bitter taste. Instead, the flavors in these beans are still detectable, and that is a great thing!
Bullet Point 3: Alex's Low Acid Organic Decaf Coffee contains 100% pure Chiapas coffee beans. Grown in southern Mexico, near the border with Guatemala, Chiapas coffee beans have the same characteristics of Guatemalan beans that you would expect from the volcanic soil and high altitude they grow in. They are mild and delicate, with slightly sweet notes of brown sugar and pear. They also have a nutty overtone.
Bullet Point 4: Alex’s Low Acid Rise n’ Shine Coffee is a pleasant blend of Sumatran and Mexican Chiapas coffees that is sure to brighten your morning. Roasted Italian style, Rise n’ Shine offers a subtle caramel flavor with spicy notes of white pepper and vanilla bean resulting in a wonderfully balanced, smooth, and rich cup of coffee.
Bullet Point 5: Alex’s Low Acid Half Calf offers half the caffeine (about 50mg) of our regular coffees without sacrificing the richness and flavor coffee drinkers demand. When this rich, smooth, and earthy blend of coffee hits your taste buds, you’ll be greeted with hints of dark chocolate, plum, and manzanita honey. Perfect for a smooth-sipping, full-bodied coffee any time of the day.
Bullet Point 6: Alex’s Low Acid Coffee offers the best of all possibilities. You can count on your energizing and comforting coffee without struggling with discomfort.
Bullet Point 7: Limits heartburn and acid reflux and reduces chances of stomach irritation.
Bullet Point 8: Safer for tooth enamel.
Bullet Point 9: 4-6x higher in healthy antioxidants than other leading brands.
Value: 640.0
Unit: Ounce
",https://m.media-amazon.com/images/I/71Sh7ZJS6FL.jpg
46413,613.58,24.84930162423187,-588.7306983757682,588.7306983757682,95.95011219005967,"Item Name: Beverage/Topping Heated Condiment Dispenser from Benchmark #21011
Bullet Point 1: 5 Quart Capacity
Bullet Point 2: Clear Polycarbonate Bowl
Bullet Point 3: 1100 Watts
Bullet Point 4: Adjustable Thermostat
Bullet Point 5: Rotating Paddles
Product Description: Heated Beverage / Topping Condiment Dispenser from Benchmark #21011, great for beverages, toppings and sauces like hot chocolate, nacho cheese, drawn butter, au jus, broths, hot cider, teas, gravy, syrups, popcorn butter topping, cream sauces & more. This 5-quart capacity heated dispenser uses rotating paddles making it perfect for many beverages, toppings and sauces. It has an adjustable thermostat and 1100 watts of heating capacity. The easy-to-disassemble tap and the removable clear polycarbonate bowl are easily cleaned in a sink or dishwasher. The bowl can also be removed for refrigerated storage of unused product thereby eliminating product waste. The drip tray is removable for easy cleaning. Benchmark USA’s exclusive 3-year warranty ensures durability and reliability.
Value: 1.0
Unit: Count
",https://m.media-amazon.com/images/I/31KD8rW9uNL.jpg
218412,600.59,19.738354068203066,-580.851645931797,580.851645931797,96.71350604102581,"Item Name: Mega Bulk Candy-Filled Plastic Easter Eggs - 2.5"" (2000 Pcs.) | Pre-Filled with Tootsie Rolls, Smarties, & Frooties - Perfect for Church, School, & Community Easter Egg Hunts
Bullet Point 1: 2000-PIECE MEGA PACK: With 2000 pre-filled eggs, this bulk set is perfect for accommodating large groups. Whether you’re hosting a school, church, or neighborhood event, ensure everyone has a chance to join the fun without running out of goodies.
Bullet Point 2: DURABLE PLASTIC EGGS: Made from high-quality plastic, these eggs are built to withstand outdoor Easter egg hunts. They remain securely closed, keeping candies inside safe and fresh until they’re discovered.
Bullet Point 3: ASSORTED COLORS: The eggs come in an array of vibrant colors, adding a festive touch to your event. Brightly colored eggs enhance the excitement of the hunt while emphasizing the playful spirit of Easter.
Bullet Point 4: PRE-FILLED WITH CROWD FAVORITES: Each egg comes pre-filled with beloved candies like Tootsie Rolls, Smarties, and Frooties Fruit Punch Rolls. These classic treats are sure to delight children and adults alike during Easter celebrations.
Bullet Point 5: PERFECT FOR EASTER EVENTS: These 2.5-inch pre-filled plastic Easter eggs are designed for church, or community egg hunts. With a mix of fun candy fillings, they’re ready to go, saving you time and effort while creating a joyful experience for kids.
Value: 2000.0
Unit: Count
",https://m.media-amazon.com/images/I/81Xm7rANzqL.jpg
256003,546.94,26.23529125665921,-520.7047087433408,520.7047087433408,95.20325972562634,"Item Name: Napa Valley Naturals Organic Extra Virgin Olive Oil, 35 Lb
Bullet Point 1: Third Party Certified Organic
Bullet Point 2: First Cold Pressing
Bullet Point 3: Acidity at Bottling 0.5% or Less
Bullet Point 4: Cold Pressed at Temperatures below 98.5 degrees
Bullet Point 5: Kosher
Value: 35.0
Unit: lb
",https://m.media-amazon.com/images/I/21UmY1Qf52L.jpg
164741,526.575,8.854682518189607,-517.7203174818104,517.7203174818104,98.31843849058735,"Item Name: Taylors of Harrogate Afternoon Darjeeling, 20 Count (Pack of 6)
Bullet Point 1: Subtle, muscatel, wine-like flavor makes this a soothing afternoon blend.
Bullet Point 2: Ingredients: Made with 100% natural Himalayan Darjeeling tea leaves.
Bullet Point 3: For the perfect cup use one tea bag. Add freshly boiled water and infuse for 2-3 minutes. Serve pure or with milk.
Bullet Point 4: Pack of six 20 individually wrapped and tagged tea bags (120 tea bags total).
Bullet Point 5: Taylors of Harrogate is Carbon Neutral Certified, a member of the Ethical Tea Partnership, and Rainforest Alliance Certified.
Value: 120.0
Unit: count
",https://m.media-amazon.com/images/I/61Q5UbBPLAL.jpg
247403,570.0,69.2460183618166,-500.7539816381834,500.7539816381834,87.8515757259971,"Item Name: TSAR CAVIAR Imperial Osetra Caviar 4 oz (113G) - OVERNIGHT DELIVERY - Black Caviar Sturgeon - Light-Salted Osetra Caviar Eggs - Gourmet Food Gifts - Malossol Fish Roe
Bullet Point 1: ✅ Imperial Osetra Caviar is made with premium quality golden pearls that have a smooth buttery taste and fresh crisp aroma of the Sea.
Bullet Point 2: ✅ Experience the luxurious taste of Imperial Caviar, once reserved for kings.
Bullet Point 3: ✅ The freshness and deliciousness of Imperial Osetra Caviar will leave you craving for more.
Bullet Point 4: ✅ The Imperial Osetra Caviar is fully matured and is produced in a sustainable manner.
Bullet Point 5: ✅ Perfect for any fine dining experience, this caviar pairs well with different types of crackers, bread, and wine.
Product Description: Savor the taste of royalty with the Imperial Osetra Caviar. This premium quality caviar is made of golden pearls that boast a smooth buttery taste and a fresh crisp aroma of the Sea. Once reserved for kings, you can now enjoy the luxurious taste and freshness of this caviar, fully matured and produced in a sustainable manner. Whether you are hosting a lavish dinner party or just looking for a special way to indulge, Imperial Osetra Caviar is the perfect choice. It can be paired with different types of crackers, bread and wine to create a truly indulgent culinary experience.
Value: 4.0
Unit: Ounce
",https://m.media-amazon.com/images/I/6149nLA0IKL.jpg
55763,536.41,35.80865600253046,-500.6013439974695,500.6013439974695,93.32438694235185,"Item Name: 5 Hour Energy Extra Strength Watermelon Shots, 1.93 Fluid Ounce - 216 per case
Bullet Point: Extra Strength Watermelon Shots
Value: 416.88
Unit: Fl Oz
",https://m.media-amazon.com/images/I/51E8V7o0Y9L.jpg
188072,496.28,14.164632424366728,-482.11536757563323,482.11536757563323,97.14583855396818,"Item Name: Jenny Silks White Real Touch Phalaenopsis Silk Orchid Arrangement in a Natural Teak Bowl
Value: 1.0
Unit: Count
",https://m.media-amazon.com/images/I/61uTevEtdQS.jpg
152113,526.32,57.28227548645528,-469.0377245135448,469.0377245135448,89.1164547259357,"Item Name: China Beauty Rings Tea (Loose) (8 oz, ZIN: 510605)
Bullet Point 1: China Beauty Rings Tea (Loose) (8 oz, ZIN: 510605)
Bullet Point 2: No fillers.
Bullet Point 3: Manufacturer: TerraVita
Bullet Point 4: Size: 8 oz
Bullet Point 5: Loose Leaf Herbal Tea - Packed in a convenient upright pouch!
Product Description: China Beauty Rings Tea (Loose) (8 oz, ZIN: 510605)<BR><BR>Packaged in the United States in a GMP certified facility (Good Manufacturing Practice).<BR><BR>No fillers.<BR><BR>Manufacturer: TerraVita<BR><BR>Size: 8 oz<BR><BR>Loose Leaf Herbal Tea - Packed in a convenient upright pouch!<BR><BR>Ingredients: Green Tea
Value: 8.0
Unit: Ounce
",https://m.media-amazon.com/images/I/71avwZEa9iL.jpg
80628,487.015,42.83427932255208,-444.1807206774479,444.1807206774479,91.20473099954783,"Item Name: Frontier Vanilla Extract ORGANIC 1 Gallon Jug (a)
Product Description: Frontier Vanilla Extract ORGANIC 1 gallon Jug
Value: 128.0
Unit: Fl Oz
",https://m.media-amazon.com/images/I/11xDm5NLcyL.jpg
291427,444.85,10.394482150415412,-434.4555178495846,434.4555178495846,97.66337368766655,"Item Name: Sour Patch Kids, 2-Ounce Bags (Pack of 48)
Bullet Point 1: Pack of forty eight, 2-ounce bag (total of 96 ounce)
Bullet Point 2: Soft and chewy candy
Bullet Point 3: Sour then sweet
Bullet Point 4: Product of USA
Value: 96.0
Unit: oz
",https://m.media-amazon.com/images/I/61GKFf-ebZL.jpg
163440,459.95,29.74269971941416,-430.20730028058586,430.20730028058586,93.53349283195692,"Item Name: Stakich RAW HONEY 60-LB, Pure, Unprocessed, Unheated, KOSHER
Bullet Point 1: ✔ STRAIGHT FROM THE BEEHIVE - 100% Raw, Unheated, Unfiltered, and Unprocessed - Simply The Best
Bullet Point 2: ✔ CERTIFIED KOSHER - Pure Domestic US Grade A Raw Honey
Bullet Point 3: ✔ ABSOLUTELY NO PRESERVATIVES OR ADDITIVES - Maintaining Natural Enzymes, Pollens, Amino Acids, Propolis, Vitamins, Minerals, Texture, Flavor, and Color
Bullet Point 4: ✔ EXCELLENT SOURCE OF NATURAL ENERGY - Nutritious and Sustaining
Product Description: <p><strong>Stakich Raw Honey is as pure and raw as it gets, extracted straight from the beehive.</strong> With its buttery undertones and a mellow, clean-finishing sweetness, it's sure to not disappoint even the pickiest honey-eater. We make every effort to ensure that all of its naturally occurring enzymes, amino acids, vitamins and minerals are fully preserved. Raw Honey is a remarkably long-lived food and will not spoil. </p><p><strong> Stakich Raw Honey is 100% all natural, unheated, unprocessed and unfiltered.</strong> Our Raw Honey has a distinctively rich taste and is highly prized for its flavor. The beehives are kept in unsprayed and pesticide-free fields, allowing honey bees to collect only the finest nectar from wildflowers. Store honey at room temperature. Do not microwave or refrigerate. If honey crystalizes, place jar in warm water to liquefy. Kosher certified. Naturally cholesterol, sodium, gluten and fat free.</p><p><strong>About Stakich, Inc.</strong><br/> Stakich Incorporated was started over 90 years ago with one goal: to help you live a healthy lifestyle with all natural, top quality products at a price you can afford. That mission has led us to strive for perfection with the products we sell and the excellent customer service we provide. Family owned and operated from the start, at Stakich Inc. we continuously look for ways to make you healthier by providing only the finest ingredients in all of the products we offer!<br/><br/> <strong>Check out our additional Amazon listings for a variety of Enriched Raw Honey products, Bee Pollen, Propolis, Royal Jelly, Beeswax, Chlorella, Spirulina, and over 100 Herbal Extracts.</strong> </p>
Value: 960.0
Unit: Ounce
",https://m.media-amazon.com/images/I/61h1rNQbcmL.jpg
223422,449.0,24.58829964367345,-424.41170035632655,424.41170035632655,94.52376399918187,"Item Name: Kaya Kopi Premium Kopi Luwak From Indonesia Wild Palm Civets Arabica Coffee Beans (1 Kilogram) (Dark Roast)
Bullet Point 1: Wild Sourced Kopi Luwak: Carefully harvested from wild civets, ensuring the highest quality and authenticity in every batch.
Bullet Point 2: Organic and Sustainable Practices: Our beans are 100% organic, and we follow responsible sourcing and sustainability practices to protect the environment and support local communities.
Bullet Point 3: Flavor Profile: Experience smooth, aromatic coffee with subtle notes of citrus, jasmine, and chocolate. Each harvest brings a unique flavor profile for a one-of-a-kind coffee experience.
Bullet Point 4: Slow Roasting for Quality: Our beans are roasted at the optimal temperature to bring out the perfect balance of flavors without any bitterness.
Bullet Point 5: Commitment to Fair Trade: We believe in ethical sourcing, ensuring fair compensation for farmers and reinvesting in the local community to foster growth and well-being.
Product Description: <p><strong>About Kopi Luwak:</strong>&nbsp;To produce Kopi Luwak, coffee berries are eaten by wild Luwak cat. In the stomach of these animals, the berries encounter proteolytic enzymes, which react with the coffee bean to remove acidity and change the flavor profile. After the Luwak excretes the beans, the farmers from Kaya Kopi collect them. Then, the outer layer of each bean is removed, and the beans are carefully clean, sun-dried and roasted. By the time you receive your Luwak coffee, it is 100% clean and safe to consume. Noticeably not bitter, Kaya Kopi Luwak is intensely aromatic with a complex flavor profile that is smooth, earthy and sweet with a hint of chocolate. It is a taste no coffee fan should miss. There is no need for sugar or other ingredients to cover the natural bitterness of coffee.</p> <ul> <li>Kaya Kopi Luwak starts its life at 4,000 feet (1,200 M) above sea level in the heart of the Pangalengan Highlands of West Java, Indonesia</li> <li>Kopi Luwak coffee is the ideal drink for visits from special guests, to relax, or just to enjoy the perfect taste of the best coffee available. Please note: 100% of the coffee from Kaya Kopi comes from free-range wild Luwaks living a healthy life.</li> <li>We don't think any animal should be harmed because of us! Further, Kopi Luwak from wild civets tastes much better than from caged animals. This is because the free-living Luwaks eat only the ripest berries and also have a proper diet which maintains the right enzymes in their stomach to improve the coffee taste.</li> </ul>
Value: 35.274
Unit: Ounce
",https://m.media-amazon.com/images/I/7161qkLny3L.jpg
226810,439.98,23.0997086319955,-416.8802913680045,416.8802913680045,94.74982757579993,"Item Name: 300 Pieces Bulk Red Foil, individually Wrapped Milk Chocolate Roses - 14 Inch Long Stem, Red foil wrapped Candy flowers gifts for Mother's day, Valentine's day, Graduation
Bullet Point 1: IRRESISTIBLE INDULGENCE: Delight in the rich taste of premium chocolate making each bite a luxurious experience, ideal for gifting on special occasions like valentines day chocolate
Bullet Point 2: CHARMING CHOCOLATE ROSES: Capture hearts with our intricately crafted chocolate roses individually wrapped, a symbol of affection and a sweet gesture for your loved ones
Bullet Point 3: MULTIPLE OCCASIONS: Versatile and elegant, these rose candy delights are perfect for various celebrations, from romantic evenings to graduation parties and prom nights
Bullet Point 4: EFFORTLESS ELEGANCE: Impress without the stress with these chocolate roses bulk - a hassle-free yet sophisticated choice for memorable events like Mother's Day and Graduation
Bullet Point 5: SWEET VARIETY: Experience the joy of gifting with a variety of 300 pieces, a perfect balance of quality and quantity, creating lasting memories with our valentines day chocolate bulk set
Product Description: Indulge in the epitome of sweetness with our exclusive collection of valentine's chocolates. Our Bulk Red Foil-Wrapped Chocolate Roses, comprising 300 pieces, redefine the art of gifting on special occasions like valentine's day, mother's day, graduation, and prom. Each piece is a manifestation of love and affection, meticulously crafted and individually wrapped for freshness. The irresistible flavor burst from premium chocolate makes every bite a celebration, perfect for chocolate valentine. Whether you're planning a romantic evening, graduation bash, or prom night, these versatile delights add a touch of sweetness to every celebration. Effortless elegance meets thoughtful gestures with our bulk chocolate roses, offering a stress-free choice for creating lasting memories on valentine day. The memorable variety of 300 pieces ensures a perfect balance of quality and quantity, making them an ideal choice for valentines chocolates. This collection is not just about chocolates; it's a tasteful addition to your cherished moments, conveying love with every piece. Make your celebrations truly memorable with our sophisticated Chocolate Roses Bulk, a delightful symphony of quality and indulgence, perfect for rose chocolate
Value: 300.0
Unit: Count
",https://m.media-amazon.com/images/I/91EHwKZaX4L.jpg
155493,454.99,39.26600623718647,-415.72399376281356,415.72399376281356,91.36991884718644,"Item Name: Caviar Star - Pacific White Sturgeon Caviar | Exquisite Fresh Fish Roe Seafood Delicacy for Gourmet Dining | Ideal for Elegant Entertaining, and Blinis for Caviar (7 oz)
Bullet Point 1: OPULENT TASTE: Indulge in the opulent flavor of White Sturgeon Caviar, celebrated globally for its rich, velvety taste profile that epitomizes luxury dining, perfect for discerning caviar enthusiasts.
Bullet Point 2: SUSTAINABLE SOURCING: Enjoy responsibly sourced Caviar, ensuring the preservation of sturgeon populations for future generations, a pinnacle of sustainable seafood.
Bullet Point 3: CULINARY VERSATILITY: Elevate dishes with our White Caviar, ideal for garnishing or pairing with Crème Fraîche for a timeless appetizer, adding sophistication to any meal.
Bullet Point 4: GOURMET EXCELLENCE: Discover premium-grade American Sturgeon Caviar, sought after by discerning shoppers at high-end gourmet markets, meticulously curated for exceptional quality.
Bullet Point 5: IMPECCABLE PRESENTATION: Impress guests with meticulously hand-packed Caviar, preserving freshness and texture for an elegant dining experience.
Product Description: Indulge in the exquisite taste of American Beluga Premium Pacific White Sturgeon Caviar, an exceptional seafood delicacy perfect for gourmet dining and elegant entertaining. This offering from Caviar Star brings the luxurious experience of caviar to your table, making any occasion special. Harvested from the finest white sturgeon, this caviar boasts large, glossy pearls that deliver a rich, buttery flavor with a delicate hint of the sea. The American Beluga caviar is renowned for its smooth texture and subtle brininess, making it a favorite among caviar enthusiasts. Whether you're hosting a sophisticated soirée or treating yourself to a gourmet snack, this sturgeon caviar promises to elevate your culinary experience. For those new to caviar or seasoned connoisseurs, American Beluga caviar offers a delightful tasting experience. Pair it with blinis, toast points, or enjoy it straight from the tin with a mother-of-pearl spoon to savor its full flavor profile. Available for overnight delivery, this caviar is perfect for last-minute celebrations or spontaneous indulgence. Treat yourself to the ultimate luxury with Caviar Star's American Beluga Premium Pacific White Sturgeon Caviar.
Value: 7.0
Unit: Ounce
",https://m.media-amazon.com/images/I/81yt8ca793L.jpg
177820,469.49,55.91390948349714,-413.57609051650286,413.57609051650286,88.09050044015908,"Item Name: Giusti Balsamic Vinegar of Modena IGP Gift Set – 5 Bottles Matured at Various Levels & 5 Condiments From a Single Wooden Barrel in a Wood Box, Aceto Balsamico di Modena – 10 x 8.45 fl oz (10 x 250 ml)
Bullet Point 1: HISTORICAL COLLECTION - This collection features 5 bottles of Balsamic Vinegar of Modena in the Champagnotte format, created with the must of cooked grapes and mature wine vinegar extracted from centuries-old casks.
Bullet Point 2: PREMIUM CONDIMENTS - Also included are 5 bottles of balsamic vinegar- based condiments refined in single wine barrels of oak, cherry, chestnut, mulberry, and ash with the addition of mature balsamic vinegar drawn from a series of centuries-old casks.
Bullet Point 3: INCLUDES BEAUTIFUL WOODEN CASE - The case houses all 10 bottles of decadent balsamic vinegar of Modena and balsamic-based condiments, making it a wonderful gift for cooks and foodies or a thoughtful housewarming present that will be treasured.
Bullet Point 4: NUMEROUS FOOD PAIRINGS - With such a variety of balsamic vinegar of Modena and condiments included in this collection, you will always have the perfect one to complement any meal.
Bullet Point 5: CAREFULLY BOTTLED - Every bespoke Italian bottle is meticulously crafted. With Giusti, rest assured that each bottle, whether it's our premium balsamic vinegar or Modena or flavorful glazes and condiments, boasts the highest-quality ingredients to enhance all your culinary creations.
Bullet Point 6: ABOUT GIUSTI - Giusti has been producing Balsamic Vinegar of Modena since 1605, passing down an old family recipe for 17 generations.
Bullet Point 7: PRODUCT OF ITALY - Made in Modena, Italy through a careful selection of quality ingredients. Refined in over four hundred years of history, Acetaia Giusti combines respect for tradition with a modern and sustainable production philosophy, which enhances the people and the territory in which it operates.
Bullet Point 8: MODENA, ITALY - Modena is a small town in the Emilia-Romagna region of northern Italy. Located between two rivers, it features a subtropical climate perfect for growing grapes used in high-quality balsamic vinegar and winemaking. This region is the epitome of gourmet Italian food and condiments.
Bullet Point 9: MAKES A GREAT GIFT - Pair with other products from our line to create a thoughtful gift for holidays, anniversaries, birthdays, employee appreciation, thank you, and hosts. We recommend our best-selling Balsamic Vinegar of Modena - 3 Gold Medals, our White Wine Vinegar Condiment, and our 25-year-old Traditional Balsamic Vinegar of Modena DOP which is always appreciated by foodies, chefs, and home cooks.
Bullet Point 10: VISIT THE GIUSTI STORE - View recipe suggestions and additional gourmet Italian products such as aged balsamic vinegar of Modena, aceto balsamico di modena IGP, balsamic reduction, flavored vinegar, extra virgin olive oil, white wine vinegar, organic vinegar, and gourmet foods made with balsamic vinegar.
Product Description: Product Description. The Scrigno Wooden Gift Collection was created after the Giusti family received a request from Maestro Luciano Pavarotti in 2006. The Scrigno Collection was originally designed to be sold at a charity auction organized by Pavarotti's Foundation. A beautiful wooden case houses 10 bottles of balsamic vinegars. It features all 5 bottles of the Historical Collection in the classic Champagnotta format, along with 5 premium balsamic vinegars from the Piccole Donne Collection. The Historical Collection. The Historical Collection is the most exemplary collection from the Giusti Acetaia. Each bottle features the first label, designed in the early 1900s. The bottles are in the Champagnotta style, which was also the bottle type that was originally used as it was the only one available to Giusti at the time. This collection includes 5 balsamic vinegars, created from different recipes and aging. They are named by the medals that the vinegars earned at International Fairs in the 19th century. Piccole Donne Collection. These are a series of sweet, delicate, and considerably dense balsamic vinegars created in the local custom of bottling small quantities of a family production of balsamic vinegar. Each bottle is hand finished, sealed with raw rope and red wax, as is the tradition. They are aged in single wine barrels of oak, cherry, chestnut, mulberry, and ash with the addition of aged balsamic vinegar drawn from a series of centuries-old casks. Created in Modena, Italy. Giuseppe Giusti was founded in 1605 and is the longest running and most prestigious balsamic vinegar producer in the world. Dedicated to constantly improving its attention to the environment, Giusti adopts the most modern and best practices in order to reduce the environmental impact for greater sustainable agriculture.
Value: 59.0
Unit: Fl Oz
",https://m.media-amazon.com/images/I/81BuJJ6g8nL.jpg
99529,480.0,75.8348772709521,-404.1651227290479,404.1651227290479,84.2010672352183,"Item Name: Tarragon Leaves by Its Delish, 20 lbs
Bullet Point 1: Highest Quality Tarragon Leaves
Bullet Point 2: Twenty Pounds (320 oz) Bulk bag Its Delish brand
Bullet Point 3: Enhance your culinary experience with hearty flavor, bold taste and vibrant aroma
Bullet Point 4: Great for Meats, Chicken, Seafood, Stews, Sauces, Eggs, Salad dressing, Vegetables etc.
Bullet Point 5: Certified Kosher OU Packaged in the USA non-irradiated non-GMO and No MSG
Product Description: Its Delish Tarragon Leaves, Crushed, 20 lbs. Fresh Dried Tarragon Leaves is used in many cuisines especially French. Use it on your favorite dishes to enjoy great results.<p></p>It's Delish was established in 1992 and is located in North Hollywood, California. It's Delish is a food manufacturer and distributor who produces over 500 gourmet food products including licorice, sour belts, taffies, caramels, Jordan almonds, chocolates, nuts, fruits, trail mixes, spices, and the spice blends. It's Delish also produces organics and all natural products. We give you the opportunity to order from the factory direct!<p></p>It’s Delish! prides itself on the four pillars that are at the foundation of everything we do.<p></p>Innovation Quality Value Service
Value: 20.0
Unit: Ounce
",https://m.media-amazon.com/images/I/513UJM24BpL.jpg
5477,443.79,51.48613041910213,-392.30386958089787,392.30386958089787,88.39853750217397,"Item Name: Starburst Sours Minis Fruit Chews, 1.85 Ounce -- 288 per case.
Product Description: Features: Experience the unexpectedly juicy burst of bold fruit flavor inside every Starburst candy. Add an unexplainably juicy treat to your party, around your house--or stash a few for later.
Value: 44.4
Unit: Ounce
",https://m.media-amazon.com/images/I/61kVByK1ejL.jpg
156994,404.04,12.169968938291944,-391.87003106170806,391.87003106170806,96.98792967570242,"Item Name: Tic Tac Orange Candy, 1 Ounce -- 288 per case.
Value: 288.0
Unit: Count
",https://m.media-amazon.com/images/I/610TOTyWmbL.jpg
6841,455.2,72.92086562279464,-382.27913437720537,382.27913437720537,83.98047767513299,"Item Name: Food to Live Organic Matcha Green Tea Powder, 4 Pounds — Non-GMO, Kosher, Authentic Japanese Origin - Exclusive Gourmet Grade, Vegan, for Tea, Smoothies, Lattes, Desserts, Baking, Sirtfood, Bulk
Bullet Point 1: GOURMET GRADE ORGANIC MATCHA: Food to Live Organic Matcha Powder is of the highest ingredient grade in U.S. gourmet food & beverage applications.
Bullet Point 2: AMAZING ANTIOXIDANT BOOSTER: Organic Matcha Green Tea Powder is rich in various antioxidants and brings you a concentrate of green tea benefits.
Bullet Point 3: FANTASTIC FLAVOR: There is nothing else that tastes like matcha. The incredible flavor has several layers from rich and astringent to a subtly sweet aftertaste.
Bullet Point 4: MAKE YOUR OWN MATCHA LATTE: Organic matcha lattes are getting very popular and you’ll be able to make them yourself by mixing the powder with milk.
Bullet Point 5: ADD GREEN TEA FLAVOR TO ANYTHING: Use Japenese green tea powder in ice cream, smoothies, muffins and other recipes.
Value: 64.0
Unit: Ounce
",https://m.media-amazon.com/images/I/916ul1g4npL.jpg
87947,454.98,84.51171565789735,-370.46828434210266,370.46828434210266,81.42518008310313,"Item Name: Luna Chocolate Dipped Coconut Nutrition Snack Bar, 1.7 Ounce -- 240 per case.
Bullet Point: Important - Refrigerated items are perishable and tend to have short shelf lives - some of these can be as little as two weeks from the date of receipt - if you are ordering a large quantity, or are otherwise concerned about expiration dates, consider a frozen product.
Value: 240.0
Unit: Count
",https://m.media-amazon.com/images/I/617t0GDth4L.jpg
255162,435.99,66.6248432014064,-369.3651567985936,369.3651567985936,84.71872217220432,"Item Name: The Topps Company Juicy Drop Taffy with Sour Gel - 16 per pack -- 12 packs per case.
Product Description: The Topps Company Juicy Drop Taffy with Sour Gel - 16 per pack -- 12 packs per case.
Value: 192.0
Unit: Count
",https://m.media-amazon.com/images/I/81IV1X0ntmL.jpg
50957,390.98,34.08925782691736,-356.8907421730827,356.8907421730827,91.28107375647927,"Item Name: Scabiosa Blackberry, 360 Stems
Value: 1.0
Unit: Count
",https://m.media-amazon.com/images/I/718JzQlAIXS.jpg
238639,415.21,59.67790482948215,-355.53209517051783,355.53209517051783,85.6270550252927,"Item Name: Food to Live Red Dragon Fruit Powder, 18 Pounds - Freeze-Dried Pitaya, Vegan Superfood, Dehydrated Dragonfruit is Rich in Vitamins, Minerals. Great for Drinks and Juices. Bulk
Bullet Point 1: ✔️ PREMIUM QUALITY, RAW, VEGAN: This 100% Red Dragon Fruit Powder is of Premium Quality, 100% Raw, Vegan, and free of cholesterol and Sodium.
Bullet Point 2: ✔️ PURE WITH NO ADDITIVES, FREEZE-DRIED: This Pitaya Powder is made by freeze-drying the pulp of Red Dragon Fruit with NO additives. This allows for preserving the maximum amount of nutrients that fresh fruit contains.
Bullet Point 3: ✔️ HIGHLY NUTRITIOUS, RICH IN ANTIOXIDANTS: 100% Pitaya Powder is a nutrient-dense product that provides dietary fiber, plant protein, and antioxidants such as flavonoids and betalains. It is also rich in Vitamins C and E, Iron, Magnesium, Calcium, and Potassium.
Bullet Point 4: ✔️ MAKE VITAMIN WATER, USE FOR DRINKS: 100% Red Dragon Fruit Powder is great for beverages such as protein shakes, smoothies, cocktails, lemonades, and more. Besides, make nutritious and delicious vitamin water.
Bullet Point 5: ✔️ VERSATILE INGREDIENT & FOOD DYE: Apart from drinks, add Pitaya Powder to ice cream, yogurt, chia pudding, sprinkle it over oatmeal, or use it as a magenta food coloring when making desserts, cake icings, cream fillings, and baked goods.
Product Description: Looking for a way to add an exquisite note to your drinks and dishes? Try Dried Dragon Fruit Powder by Food to Live. Dragon Fruit is a tropical fruit that comes in 2 varieties depending on the flesh color: red and white. It is also called Pitaya or Pitahaya. Our 100% Pitaya Powder is made by freeze-drying the pulp of Red Dragon Fruit with NO additives and is of Premium Quality, Vegan, and Raw. Red Dragon Fruit Powder Benefits Pitahaya is highly valued not only for its unique appearance but also for a rich nutritional profile. Freeze-dried 100% Red Dragon Fruit Powder retains most of the nutrients fresh fruits carry, being a good source of plant protein and dietary fiber. Furthermore, Red Pitaya Powder contains Vitamins C and E, and various essential minerals including Magnesium, Calcium, Iron, and Potassium. Besides, Powdered Dragon Fruit is rich in powerful antioxidants such as flavonoids, betalains, and phenolic acid. Dragon Fruit Powder Uses Red Pitaya Dragon Fruit Powder is bright pink in color, fine in texture, and boasts a pleasant sweet taste. It easily dissolves in warm water with a help of a frother. There are numerous ways to use Dragon Fruit Powder for drinks. To begin with, you can make vitamin water by combining 500 ml of filtered water and 2 teaspoons of Powdered Red Pitaya and stirring it well. For a more interesting flavor add some honey, agave syrup, berries, or lemon. Second, Red Dragon Fruit Powder is an amazing ingredient for protein shakes, smoothies, cocktails, and lemonades. Moreover, use Powder Dragon Fruit as a substitute for artificial food dyes to add a burst of color to your baked goodies, desserts, cake and donut icings, or cream fillings. Get Food to Live’s budget-friendly 100% Dragon Fruit Powder bulk bag to always have a delicious nutritional booster in your pantry. Storage Tips Pitaya Powder is sensitive to humidity, so it should be kept in a container that closes tightly somewhere cool and dry.
Value: 288.0
Unit: Ounce
",https://m.media-amazon.com/images/I/81zTc5I8bpL.jpg
103902,404.47,52.19455419404527,-352.27544580595475,352.27544580595475,87.09556847379403,"Item Name: NESCAFE Espresso Whole Bean Coffee, 100% Arabica, Medium Roast Coffee, 2.2 Lb Bag, Box of 6 Bags
Bullet Point 1: NESCAFE Whole Bean Espresso is a medium roast, 100% Arabica coffee bean, with low acidity and fruity notes, which is gluten free by nature. These whole roasted coffee beans are sourced from the southern region of Minas Gerais in Brazil. NESCAFE Whole Bean Espresso is available for use in any bean to cup beverage machine including the NESCAFE Krea Necta bean to cup equipment. Make a variety of specialty hot beverages including café lattes and espressos. All NESCAFE coffee products are part
Bullet Point 2: 100% Arabica, medium roast coffee
Bullet Point 3: Low acidity and fruity notes
Bullet Point 4: Sourced from sustainably grown coffee beans in Brazil
Bullet Point 5: 2.2 lb bag; 6 bags per case
Product Description: NESCAFE Whole Bean Espresso is a medium roast, 100% Arabica coffee bean, with low acidity and fruity notes, which is gluten free by nature. These whole roasted coffee beans are sourced from the southern region of Minas Gerais in Brazil. NESCAFE Whole Bean Espresso is available for use in any bean to cup beverage machine including the NESCAFE Krea Necta bean to cup equipment. Make a variety of specialty hot beverages including café lattes and espressos. All NESCAFE coffee products are part of the NESCAFE Plan, which focuses on farmers, their communities and the planet. 100% Arabica, medium roast coffee Low acidity and fruity notes Sourced from sustainably grown coffee beans in Brazil 2.2 lb bag; 6 bags per case For use in the NESCAFE Ultimate Barista 50 and NESCAFE Total Barista 30 Bean-to-Cup Coffee Brewers ***** PRODUCT EXPIRATION DATE is listed in French format from the manufacturer (Day/Month/Year)
Value: 6.0
Unit: Count
",https://m.media-amazon.com/images/I/61cxx9P6juL.jpg
297816,399.99,47.73100022735005,-352.25899977265,352.25899977265,88.06695161695292,"Item Name: Kopi Luwak Coffee, Wild Gathered, 100% Pure, Whole Bean, 16 Ounces
Bullet Point 1: TESTED FOR MOLD, QUALITY AND SAFETY: Our coffee undergoes rigorous phytosanitary testing before export and lab analysis upon arrival to check for mycotoxins and mold. We then roasted at over 400°F, this meticulous process guarantees a fresh, safe, and impurity-free coffee experience.
Bullet Point 2: 100% Authentic Kopi Luwak Coffee Beans. Wild Civet coffee sustainably collected by a small farmer’s in North Sumatra, Indonesia.
Bullet Point 3: Wild Cage Free Civet coffee sustainably sourced and collected by small farmer’s in North Sumatra, Indonesia so no animals are harmed.
Bullet Point 4: Flavor Notes: Sandalwood, apricot, dark chocolate, plum blossom, musk and chanterelle-like mushroom. Intensely aromatic with a complex flavor profile, rich, strong flavored, and amazingly full-bodied, a perfect cup of coffee to savor.
Bullet Point 5: Whole Bean, 1 Pound Bag, Certified Kosher, The Most Expensive Coffee in the World famously known from the movie The Bucket List.
Bullet Point 6: Medium roasted whole beans for a remarkable taste.
Product Description: The Kopi Luwak Coffee aroma is strong and rich, with a full-body flavor close to syrupy. It has a hint of chocolate, that lingers on the tongue with a long, clean aftertaste. The most expensive and rarest coffee in the world and limited supplies are grown each year. This is the real deal! Because of the rarity of this coffee, it is priced accordingly. You are paying for the experience of enjoying such an unusual and rare delicacy as well as a spectacular cup of coffee. Kopi Luwak Coffee is not cheap and is the most expensive coffee. We also offer a 2 oz. It's a sampler version on Amazon. This is wild-gathered Kopi Luwak Coffee: All of our Kopi Luwak Coffee beans are wild-gathered and the animals are not caged. You may have seen Kopi Luwak in the 2007 movie The Bucket List where Jack Nicholson carries a supply with him wherever he goes. It is known as the most expensive coffee in the world and one that is well worth it.
Value: 16.0
Unit: Ounce
",https://m.media-amazon.com/images/I/51U+XrpxHlL.jpg
50948,386.98,39.02036663817154,-347.9596333618285,347.9596333618285,89.91669682201366,"Item Name: Scabiosa Cherry Vanilla, 360 Stems
Bullet Point 1: Stem Length (Approximation): 20 - 25 inches.
Bullet Point 2: Average Bloom Size: 1.5 to 2 inches in diameter
Bullet Point 3: Each stem features one focal bloom and may have additional shoots of smaller blooms
Bullet Point 4: Box includes detailed care instructions Cut and shipped directly from our farm upon order
Bullet Point 5: Note. Please allow for small discrepancies in the color hue due differences in monitor resolution and subtle climatic changes during growing season.
Value: 1.0
Unit: Count
",https://m.media-amazon.com/images/I/71efs9EYvUS.jpg
81130,413.99,69.53355844373687,-344.45644155626314,344.45644155626314,83.2040487828844,"Item Name: Nutritional Yeast Large Flakes 50 lbs.
Product Description: This Nutritional Yeast is a rich source of B-complex vitamins and can easily be added to a number of meals and drinks. Sprinkle on popcorn, salads, soups and casseroles for a boost of nutrients. Try adding a tablespoon to your morning cereal, smoothie or juice for an extra healthy start to the day. Each serving contains 8 grams of protein and a number of vitamins and minerals.
Value: 800.0
Unit: Ounce
",https://m.media-amazon.com/images/I/81oNl8UxyzL.jpg
196247,573.83,230.6957721956105,-343.1342278043895,343.1342278043895,59.79719216569185,"Item Name: Gyokuro Imperial Japanese Green Tea (Loose) (8 oz, ZIN: 510037) - 3 Pack
Bullet Point 1: Gyokuro Imperial Japanese Green Tea (Loose) (8 oz, ZIN: 510037)
Bullet Point 2: No fillers.
Bullet Point 3: Manufacturer: TerraVita
Bullet Point 4: Size: 8 oz
Bullet Point 5: Loose Leaf Green Tea - Packed in a convenient upright pouch!
Product Description: Gyokuro Imperial Japanese Green Tea (Loose) (8 oz, ZIN: 510037)<BR><BR>Packaged in the United States in a GMP certified facility (Good Manufacturing Practice).<BR><BR>No fillers.<BR><BR>Manufacturer: TerraVita<BR><BR>Size: 8 oz<BR><BR>Loose Leaf Green Tea - Packed in a convenient upright pouch!<BR><BR>Ingredients: Green Tea
Value: 24.0
Unit: Ounce
",https://m.media-amazon.com/images/I/81Iedp6SbdL.jpg
189722,354.985,12.444683974574891,-342.5403160254251,342.5403160254251,96.4943070905602,"Item Name: Seasonal Visions Animated Stew Brew Witch Prop with Fog Machine
Bullet Point: Animated Stew Brew Witch with Kid Prop with Fog Machine
Product Description: Morris Costumes Animated Stew Brew Witch with Kid Prop with Fog Machine
Value: 1.0
Unit: Count
",https://m.media-amazon.com/images/I/71uShve1GGL.jpg
50951,390.98,54.67363940623313,-336.3063605937669,336.3063605937669,86.01625673788094,"Item Name: Scabiosa Red Velvet, 360 Stems
Value: 1.0
Unit: Count
",https://m.media-amazon.com/images/I/71NepiKrSjS.jpg
69795,417.83,83.36901492776808,-334.4609850722319,334.4609850722319,80.04714478908454,"Item Name: Food to Live Organic Dried Apple Rings, 25 Pounds — Non-GMO, Kosher, Raw, Vegan, Unsulfured, Sirtfood, Bulk
Bullet Point 1: ✔️ ANTIOXIDANTS FOR WELLBEING: Organic Dried Apples from Food To Live contain vitamins C, E, and A.
Bullet Point 2: ✔️ LOTS OF DIETARY FIBER: A cup of dried apple slices holds 7 grams of fiber, which makes the great for diets.
Bullet Point 3: ✔️ DELICIOUS & HEALTHY SNACK: Eat Organic Dried Apples as they are to get a boost of healthy energy.
Bullet Point 4: ✔️ VERSATILE COOKING INGREDIENT: Our dried apple slices can be used for making pies, crumbles, sauces, and desserts.
Bullet Point 5: ✔️ CERTIFIED ORGANIC PRODUCT: Food to Live guarantees the quality of our Dried Apples. They are 100% toxin and GMO-free.
Product Description: Wonders of the Apple Fruit No other fruit plays such a major part in the human history as apples. Almost every country has a legend that features this incredible, sweet fruit. It’s really not surprising seeing how there are more than 7,500 species of apple trees cultivated in the world today. These plants are highly resilient and spread around the world quite fast. It’s believed that they originate from Central Asia, although today they are grown all over the globe. Despite the fact that apple fruits only came to America with the first colonists, they’ve managed to take firm root in our culture and become a staple food for an average US kitchen. Raw apple fruits are used in a variety of ways, including the production of cider, apple butter, and apple jelly. They can be eaten raw when ripe or used for cooking delicious apple pies, crumbles, cakes, and many other desserts. These fruits can be used for making savory dishes as well, and a duck roasted with apples is one of the most amazing meals you can find. Apple fruits are used in the production of cosmetic products and often included in homemade beauty remedies. All Western cultures use apple fruits extensively, so there are at least several dishes based on them in every cuisine. One of the best things about these fruits is that they are as good dried as they are raw. Of course, both the taste and texture of dried apples is a bit different, but they are no less enjoyable or nutritious. Food To Live Dried Apples: Organic, No Sugar, No Freeze Dried Apples from Food To Live are sourced from trusted farmers and processed with love and care using top-quality equipment. Our facility is organic certified and so are these products. We guarantee the quality of our dried apple slices and are sure that your whole family would enjoy them.
Value: 400.0
Unit: Ounce
",https://m.media-amazon.com/images/I/81+MX7U+WBL.jpg
23479,389.46,55.21990777008584,-334.2400922299141,334.2400922299141,85.82141740613007,"Item Name: Starburst Favereds Tear and Share Size Candy, 3.45 Ounce -- 144 per case.
Bullet Point 1: Toffee Flavored Candy: Enjoy the classic Starburst flavor in a tear and share size bag.
Bullet Point 2: 144 Pieces per Bag: Stock up on this 3.45 ounce bag for parties, events, or everyday snacking.
Bullet Point 3: Gluten Free Candy: This Starburst candy is gluten free for those with dietary restrictions.
Bullet Point 4: Occasions and Gifts: Perfect for New Year's Eve, birthdays, holidays, or sharing with friends and family.
Bullet Point 5: Made in the USA: These Starburst candies are proudly made in the United States.
Product Description: STARBURST Chewy /Toffee Candy Preparation instruction: Remove product from packaging
Value: 144.0
Unit: Count
",https://m.media-amazon.com/images/I/31kjAOd3sYL.jpg
1116,412.61,80.9055673854185,-331.7044326145815,331.7044326145815,80.39175798322422,"Item Name: Food to Live Organic Broccoli Sprouts Powder, 8 Pounds - Grown from Non-GMO Seeds, Kosher, Non-Irradiated, Pure, Vegan Superfood, Bulk, Rich in Sulforaphane
Bullet Point 1: EASILY DIGESTIBLE PROTEIN: Organic Broccoli Sprout Powder is packed with amino acids that your body can process fast.
Bullet Point 2: VITAMINS & MINERALS BOOST: Organic Broccoli Sprout Powder contains vitamins A, C & K as well as calcium, iron & zinc.
Bullet Point 3: DIETARY FIBER: Organic Broccoli Sprout Powder is perfect for smoothies as it helps cleanse the intestines.
Bullet Point 4: ORGANIC PRODUCT: Our Organic Broccoli Sprout Powder is a 100% non-GMO organic product.
Bullet Point 5: VERSATILE COOKING INGREDIENT: Add Food To Live Organic Broccoli Sprout Powder to smoothies, juices, stews & soups.
Value: 128.0
Unit: Ounce
",https://m.media-amazon.com/images/I/915vxu6-gDL.jpg
244054,379.0,49.3851969590166,-329.6148030409834,329.6148030409834,86.96960502400619,"Item Name: MOUNTAIN ESSENTIALS Freeze Dried Chicken Dices | Pre-Cooked Meat Emergency Survival Bulk Food Storage Ready to Eat Fully Cooked Home Meals Hunting, Survival, Camping, Backpacking Food 10 serving per Pouch Pack of 12
Bullet Point 1: FREEZE DRIED CHICKEN:- This delicious Freeze-Dried Chicken is easy to store long-term and simple to rehydrate. Mountain Essentials Freeze-Dried Chicken is ideal for lightweight DIY Camping/backpacking meals or to use in survival situations. The perfect addition to your emergency food storage.
Bullet Point 2: PREMIUM QUALITY:- Mountain Essentials Chicken Dices only has 2 ingredient, Chicken & Salt! There is nothing more important than the premium quality. We deliver to our family members by sustainably sourcing the fresh and safe ingredients from reliable suppliers
Bullet Point 3: INSTANT MEALS:- Simply create an instant healthy meal and use it in all of your favorite recipes such as; pad thai, chicken tacos, stir-fry, chicken alfredo, ramen, stews, or soups
Bullet Point 4: PRECOOKED MEAT:- Remove and discard the oxygen absorber Boiling water should be used to cover required amount of Freeze-Dried Chicken, Wait for five minutes. Use the meat as you would ordinary cooked Chicken after draining excess water
Bullet Point 5: NO ARTIFICIAL OR ANYTHING - Made with no preservatives, artificial flavors or colors. 1 Pouch of Chicken Dices Contains 10 Servings. Great for feeding a family or a large group.
Bullet Point 6: CONVENIENT STORAGE & COOKING - Perfect item for your Food Storage Plan, Family Preparedness and Emergency Readiness, this product will protect your family and yourself in times of uncertainty.
Bullet Point 7: EAT ANYTIME, ANYWHERE:- Mountain Essentials Chicken Dices are the perfect, mess-free and easy way to prepare healthy and hearty meals around the campfire or in the RV. It is lightweight & portable providing you with a deliciously, tasty meal perfect for camping & backpacking trips! Eat well in the backcountry or in your tent.
Bullet Point 8: SHELF LIFE:- Shelf Life up to 7 years when unopened. Best when stored in a cool and dry place at temperatures between 55 F and 70 F. Actual shelf life may vary based on individual storage conditions.
Value: 12.0
Unit: Count
",https://m.media-amazon.com/images/I/81gR32pbYXL.jpg
217597,348.69,21.42612996641281,-327.2638700335872,327.2638700335872,93.85524965831748,"Item Name: Allulose All Purpose Bulk Sweetener: Plant Based Keto Diet Friendly Sugar Free Substitute - Baking, Coffee, Tea Sweetener | Pack of 1, 55-LB(25-KG)/Each, Total Servings 6250
Bullet Point 1: AMAZING TASTE and TEXTURE: Allulose is a naturally occurring simple sugar found in some fruits. It tastes like regular sugar and has the same texture, but it is about 70% as sweet and contains less than 10% of the calories, making it virtually calorie-free.
Bullet Point 2: FLAVORFUL CARAMELIZATION: Create the rich caramelized flavor you crave with Natural Mate’s Allulose! This zero sugar sweetener beautifully browns and enriches the taste of baked goods! And, you’ll be delighted with the incredible flavor when you caramelize fruits and vegetables, like carrots and apples!
Bullet Point 3: HEALTHY CHOICES: It’s a smooth transition from high-calorie sugar to Natural Mate’s selection of sweetener blends. They’re all natural and plant-based, plus no to low carb and calorie free. We create pure sweeteners that are soy, gluten and GMO free with no additives or artificial flavors. Wonderful for vegan and gluten-free diets.
Bullet Point 4: INDULGE GUILT FREE: Our Allulose is the sugar substitute you'll reach for time and again. Natural Mate Allulose easily replaces sugar's sweetness, becoming your first choice for all your sweet food and drink recipes. Replace sugar remorse with satisfaction, pleasure, and fulfillment—no regrets!
Bullet Point 5: QUALITY: Made exclusively in FDA registered facilities, each batch of Natural Mate’s sweeteners fully comply with regulations and licensing requirements of the New Jersey Department of Health and Earth Kosher. Our US-based support team is ready to help with any questions, helping you make informed decisions for you and your family.
Product Description: Natural Mate introduces our gluten-free, GMO-free Allulose. Our keto-friendly sweetener provides a healthier alternative to sugar with all of the tastebud pleasing sweetness and none of the calories. A versatile plant-based sweetener to use in place of sugar in your cooking, baking, or beverage recipes. Here at Natural Mate, we realize that everybody enjoys a different level of sweetness when it comes to food and drinks. That’s why we developed our sugar substitutes to deliver an experience that is above and beyond your expectations. We proudly offer three natural sweeteners - Stevia, Monk Fruit, and Sucralose - all expertly blended with Allulose. Or, if you prefer, you can enjoy a bag of naturally sweet pure Allulose. In addition to the pure Allulose, Natural Mate blended sweeteners are available in 1X or 2X levels of RSS, Relative Sugar Sweetness, to offer you a variety of yummy options! One teaspoon of Natural Mate 1X blended sweetener equals one teaspoon of sugar, while ½ teaspoon of our 2X blended sweetener equals one teaspoon of sugar. This ratio gives you the opportunity to choose a level of sweetness to satisfy your sweet tooth and enhance healthy recipes for your family. Natural Mate is an employee-owned company that consistently strives to deliver high-quality products. We source directly from manufacturers, bypassing costly distributors, which enables us to produce our products at competitive and affordable prices without compromising quality. Our focus is and always will be on superior ingredients and affordable pricing to provide you with the best possible experience. We’re confident that our sweeteners will enhance your culinary experiences, so you can choose with confidence and trust that you’ve selected the finest quality sweetener available. Enjoy!
Value: 880.0
Unit: Ounce
",https://m.media-amazon.com/images/I/61La1OekABL.jpg
110134,349.99,28.80687428241695,-321.18312571758304,321.18312571758304,91.7692293258616,"Item Name: Judee's Gluten Free Bulk 45lb Whole Milk Powder, 5lb x9 Pack - Non-GMO, Hormone, Gluten Free & Nut Free - Pantry Staple for Baking, Travel, and Reconstitution - Made in USA
Bullet Point 1: High Quality Milk Powder: Judee's Gluten Free Whole Milk Powder offers a versatile pantry staple ideal for baking, travel, and reconstitution into liquid whole milk. Our non-GMO powdered milk provides a rich, creamy texture for delicious dry milk recipes
Bullet Point 2: Convenient Bulk Packaging: This product includes a 45-pound bulk package divided into nine 5-pound packs, ensuring easy storage and long-term usability. The resealable bags maintain the freshness and quality of the milk powder for extended pantry shelf life
Bullet Point 3: Versatile Culinary Uses: Perfect for baking and enhancing recipes, our whole milk powder is a reliable ingredient for creating delicious dishes. Whether you're making gluten free baking recipes or using it as a dry milk powder substitute, it delivers consistent results
Bullet Point 4: Health Conscious Ingredients: Produced in a dedicated gluten-free facility, this powdered milk is non-GMO and free from gluten and nuts, catering to dietary needs. It's an excellent alternative for those seeking lactose free milk or skim milk powder substitutes
Bullet Point 5: Ideal For Diverse Recipes: Our product supports a wide range of culinary creations. Enjoy the flexibility of shelf milk that complements both sweet and savory recipes
Product Description: Judee's Gluten Free Whole Milk Powder is an exceptional choice for those seeking a versatile and high-quality powdered milk option. This product is crafted from premium whole milk and comes in a substantial 45-pound bulk package, divided into nine convenient 5-pound packs, ensuring ease of storage and long-term usability. Produced in a dedicated gluten-free facility in the USA, this milk powder aligns with the brand's commitment to providing natural and dietary-friendly ingredients. Ideal for home bakers and health-conscious individuals, Judee's Whole Milk Powder is perfect for a wide range of culinary applications. It can be used as an ingredient in baking, enhancing recipes with its rich, creamy texture. It is also suitable for creating delicious dry milk recipes or can be reconstituted into liquid milk for everyday use. Whether you are crafting low-carb bread, making protein shakes, or preparing milk tea, this powdered milk serves as a reliable pantry staple. The product is unsweetened, allowing you to customize your creations by adding your preferred flavorings, making it an excellent addition to your morning coffee or cream. Its versatility extends to recipes such as yogurt, chia pudding, and even savory dishes. The milk powder is packaged in resealable bags, offering a shelf-stable solution for emergency food supply and long-term storage. Judee's Gluten Free Whole Milk Powder is esteemed for its trustworthy quality, being non-GMO and gluten-free, thus catering to the needs of health-conscious consumers. For optimal results, it is recommended to store the product in a cool, dry place. To reconstitute, simply mix 1 cup of warm water with 1/4 to 1/3 cup of milk powder to achieve the desired consistency of whole milk. This product promises to be a valuable addition to your kitchen, providing a clean and flavorful alternative to traditional milk options.
Value: 720.0
Unit: Ounce
",https://m.media-amazon.com/images/I/61zv+dH5kdL.jpg
50963,390.98,70.83789253068588,-320.14210746931417,320.14210746931417,81.88196518218686,"Item Name: Scabiosa Candy, 360 Stems
Value: 1.0
Unit: Count
",https://m.media-amazon.com/images/I/71BFnx2fKeS.jpg
176698,389.26,70.08380065712223,-319.1761993428778,319.1761993428778,81.99563257023013,"Item Name: NuManna USDA ORGANIC Family Pack 162 Servings, Emergency Survival Food Storage Kit, Separate Rations, in a Bucket, Meals Included Have 25 Year Shelf Life, GMO-Free (Single)
Bullet Point 1: ORGANIC FAMILY PACK:- The Organic Family Pack by NuManna is a groundbreaking innovation in long-term food storage, introducing the first-ever line of Organic Survival Food products. Each product in this line is certified organic and scientifically backed, ensuring you receive the highest quality food storage solutions available on the market today. Designed for convenience and health, these meals are not only nutritious but also incredibly easy to prepare. Simply follow the straightforward instructions to have a delicious meal ready in minutes.
Bullet Point 2: RELIABILITY & SATISFACTION:- These meals offer exceptional taste, a testament to NuManna’s commitment to quality and flavor. The Organic Family Pack includes a variety of meal options, catering to diverse tastes while providing the essential nutrients your body needs. Whether you’re preparing for an emergency or looking for everyday meal solutions, this pack delivers both reliability and satisfaction.
Bullet Point 3: IDEAL FOR FAMILIES & INDIVIDUALS:- Moreover, the products come in convenient resealable bags, allowing for multiple uses while maintaining freshness. This feature makes them ideal for families and individuals who value sustainability and practicality. The Organic Family Pack represents the pinnacle of long-term food storage innovation, blending organic integrity with ease of use. Choose NuManna for your food storage needs and experience the peace of mind that comes with knowing you have the best organic survival food at your fingertips.
Bullet Point 4: ORGANIC FAMILY BUCKET INCLUDES?:- Organic Powdered Milk: 40 servings, Organic Cheddar Broccoli Soup: 10 servings, Organic Classic Chili: 10 servings, Organic Brown Sugar Oatmeal: 10 servings per bag, 2 bags total, Organic Pasta Primavera: 10 servings, Organic Italian Pasta with Marinara: 10 servings, Organic Black Chia Seeds: 16 servings, Organic Sweet Habanero Chili: 10 servings, Organic Mac 'n' Cheese: 10 servings, Organic Pancake Mix: 10 servings, Organic Quinoa: 16 servings
Bullet Point 5: COOKING INSTRUCTIONS:- Remove the oxygen absorber before cooking. NuManna’s organic freeze-dried food typically requires about 1 cup of water per serving. Specific cooking directions are included with each pouch, ensuring a consistent and delicious result every time.
Bullet Point 6: 100% CCOF & USDA CERTIFIED:- We were laughed at, we were discouraged within the industry. But we never stopped. The result was a true innovation. CCOF certification is one of the hardest organic certifications to obtain. Not only is the NuManna Family Pack USDA and CCOF Organic certified but it is also tested for heavy metal content and pesticides. Everyone else is chasing the path we blazed.
Bullet Point 7: EASY TO PREPARE:- Create a terrific organic meal for you and your family by just simply boiling water and following the easy to use directions on the bag
Bullet Point 8: GREAT TASTE:- The NuManna line of organic freeze-dried food is the best tasting food storage on the market.
Bullet Point 9: PERFECT FOR EVERYDAY USE:- This food is clean, healthy and packed with nutrition. Your family will want to eat it everyday
Product Description: <br>Organic Family Bucket: Includes 162 Total Servings of organic goodness. </br> <br>Organic Powdered Milk (40 Servings) </br> <br>Organic Cheddar Broccoli Soup (10 Servings)</br> <br>Organic Classic Chili (10 Servings)</br> <br>Organic Brown Sugar Oatmeal (10 servings per bag, 2 bags total)</br> <br>Organic Pasta Primavera (10 Servings)</br> <br>Organic Italian Pasta with Marinara (10 Servings)</br> <br>Organic Black Chia Seeds (16 Servings)</br> <br>Organic Sweet Habanero Chili (10 Servings)</br> <br>Organic Mac 'n' Cheese (10 Servings)</br> <br>Organic Pancake Mix (10 Servings)</br> <br>Organic Quinoa (16 Servings)</br> <br> Cooking Instructions:</br> Remove oxygen absorber before cooking.  NuManna’s organic freeze-dried food uses about 1 cup of water per serving cooked. This will vary slightly depending on the recipe.  Specific cooking directions are included with each pouch. <br>Organic Mac 'n' Cheese:</br> <br>Ingredients:</br> <br>Organic Pasta (Organic Whole Durum Wheat Flour, Organic Milled Flax-seed)</br> <br>Organic Non-dairy Creamer (Organic Palm Oil, Organic Skim Milk Solids, Organic Rice Syrup Solids, Sodium </br> <br>Citrate, Tricalcium Phosphate, Organic Soy Lecithin)</br> <br>Organic Cornstarch</br> <br>Organic Cheddar Cheese (Pasteurized Organic Milk, Salt, Cheese Culture, Enzymes)</br> <br>Organic Sweet Whey</br> <br>Sea Salt</br> <br>Xanthan Gum</br> <br>Organic Annatto Color</br> <br>Organic Cane Sugar</br> <br>Ascorbic Acid</br>
Value: 1.0
Unit: Count
",https://m.media-amazon.com/images/I/81-imYQkNLL.jpg
41294,339.77,23.619216805772314,-316.15078319422764,316.15078319422764,93.04846902146383,"Item Name: Nestle Peptamen AF, 1000 Milliliter - 6 per case.
Value: 202.88
Unit: Fl Oz
",https://m.media-amazon.com/images/I/71WxLVHdmrL.jpg
155327,328.6,17.149772972980024,-311.45022702702,311.45022702702,94.78095770755324,"Item Name: Clif Builder's Chocolate Peanut Butter Bars-1 160041
Value: 12.0
Unit: Count
",https://m.media-amazon.com/images/I/41SMsqbWXhL.jpg
21790,329.99,22.90753579323417,-307.08246420676585,307.08246420676585,93.05811212666015,"Item Name: Honey Raw Fresh Air Idaho Grade A Light Amber Honey (60 Pound)
Bullet Point 1: QUALITY: 100% Unfiltered Raw Fresh Air Idaho Honey. 0 filler ingredients.
Bullet Point 2: USES: Honey is an excellent sweetener and can be used in place of sugar in the majority of recipes. Also add to your favorite beverage, food, or take straight off a spoon
Bullet Point 3: STORAGE: Honey is known as one of the only foods with no expiration date making it excellent for food storage. It may crystallize over time but by simply putting the bottle under warm water it will re liquify
Bullet Point 4: PURITY: 0 fillers, 0 artificial ingredients, 100% pure Raw Idaho Honey. MMMMM Delicious
Bullet Point 5: SATISFACTION: 100% customer satisfaction is very important to our family here at Zatural. If for whatever reason you are not satisfied please click the 'contact seller' button and reach out to us. We are committed to helping however we can!
Product Description: 100% Raw Idaho Honey. Excellent for beverages such as tea, lemon water, and more. Also add to foods, recipes, right off the spoon, and many more uses.
Value: 1.0
Unit: Count
",https://m.media-amazon.com/images/I/71qfGN9O2uL.jpg
129637,325.98,19.06374073162217,-306.91625926837787,306.91625926837787,94.15186798833605,"Item Name: Natural Mate Bulk Sweetener - Organic Stevia Granular Powder Blended with Erythritol - 2:1 Sugar Replacement for Keto, Paleo, Low GI – (25KG/55Lb, Pack of 1)
Bullet Point 1: ALL NATURAL: Say goodbye to sweetener tablets that are full of unnecessary additives like sodium bicarbonate, magnesium stearate, and xylitol; This premium stevia powder from Natural Mate contains only stevia sugar extract and erythritol; For people who care about their health, our natural sweetener is the smarter choice
Bullet Point 2: VERSATILE: If you’re looking to upgrade your kitchen with a sugar free powdered sugar that never compromises on flavor, Natural Mate powdered erythritol and stevia blend is the smarter choice; With one tsp of stevia extract blend equal to two tsp of regular sugar, our stevia and erythritol sweetener powder can be used in drinks, baking, desserts and smoothies
Bullet Point 3: INCREDIBLE TASTE: It’s time for artificial sweeteners and sugar substitutes that leave a bitter aftertaste to step aside; Natural Mate stevia sweetener uses co-crystallization technology for an even tasting zero calorie sweetener that blends organic stevia and erythritol granules perfectly
Bullet Point 4: HEALTHY: People love this clever sugar alternative for its versatility; Suitable for diabetics and people on low calorie diets, Natural Mate’s stevia and erythritol sweetener is GMO free, vegan and even keto; When you require a keto sweetener that’s as practical as you, Natural Mate’s sugar substitute is the answer without comp
Bullet Point 5: QUALITY: Natural Mate products are manufactured in FDA registered facilities, our operations are governed and licensed by the New Jersey Department of Health
Product Description: Stevia is unique among food ingredients, as it does not add calories. Unlike other sugar substitutes, Stevia is derived from a plant. Because Stevia has a negligible effect on blood glucose it is attractive to people on carbohydrate-controlled diets. Natural Mate’s Granular Stevia is made by the process of co-crystallization. This innovative new technique combines Stevia and Erythritol while they are in a liquid state, then removes the bitter compounds found in natural Stevia by the water extraction process, leaving a granulated sweetener with a uniform clean sweet taste with no unpleasant aftertaste. Better Taste: Our proprietary manufacturing process eliminates the bitter components that give natural stevia a better taste. Sweeten your drinks, baked goods, and other foods with no worries about an aftertaste. Better Texture: Don't worry about messy powders or difficult-to-measure liquids. Our sweetener looks and feels just like sugar.
Value: 880.0
Unit: Ounce
",https://m.media-amazon.com/images/I/61TybcQ7UpL.jpg
195429,421.72,116.19769243419698,-305.52230756580303,305.52230756580303,72.44671999568504,"Item Name: Dragon Pearls Tea (Loose) (4 oz, ZIN: 510608) - 3 Pack
Bullet Point 1: Dragon Pearls Tea (Loose) (4 oz, ZIN: 510608)
Bullet Point 2: No fillers.
Bullet Point 3: Manufacturer: TerraVita
Bullet Point 4: Size: 4 oz
Bullet Point 5: Loose Leaf Herbal Tea - Packed in a convenient upright pouch!
Product Description: Dragon Pearls Tea (Loose) (4 oz, ZIN: 510608)<BR><BR>Packaged in the United States in a GMP certified facility (Good Manufacturing Practice).<BR><BR>No fillers.<BR><BR>Manufacturer: TerraVita<BR><BR>Size: 4 oz<BR><BR>Loose Leaf Herbal Tea - Packed in a convenient upright pouch!<BR><BR>Ingredients: Green Tea
Value: 12.0
Unit: Ounce
",https://m.media-amazon.com/images/I/81hVtnMUxbL.jpg
281513,323.86,18.73903121941497,-305.12096878058503,305.12096878058503,94.21384820002008,"Item Name: ShelterLogic 6' x 12' x 8' Shed-in-a-Box All Season Steel Metal Peak Roof Outdoor Storage Shed with Waterproof Cover and Heavy Duty Reusable Auger Anchors
Bullet Point 1: DURABLE FRAME: Made from an all-steel metal 6 x 12 x 8-foot frame that is 1-3/8 inches thick
Bullet Point 2: MADE TO LAST: Bonded with a premium powder-coated finish that prevents chipping, peeling, rust, and corrosion
Bullet Point 3: WATERPROOF COVERAGE: Grey cover is durable and made from an advanced triple-layer ripstop that is waterproof and UV-treated to resist fading
Bullet Point 4: RATCHET-TITE: Cover tensioning system ensures a drum tight cover that keeps it tight and neat looking
Bullet Point 5: EASY SLIDE CROSS RAIL SYSTEM: Locks down and squares up frames for initial and continuous frame to fabric fit
Value: nan
Unit: None
",https://m.media-amazon.com/images/I/71srcFgRQbL.jpg
265964,360.76,59.0285381884149,-301.73146181158506,301.73146181158506,83.63772641412159,"Item Name: Numanna Defender Nutritive Pack Bucket 204 Servings GMO Free, Easy To Prepare Meals with Organic Grains and Super Foods Nutrient Rich Meals Pack of 1
Bullet Point 1: DEFENDER NUTRITIVE PACK:- Numanna's Defender Nutritive Pack is essential for those who prioritize nutrition during crises. The Defender Nutritive Pack by NuManna offers a revolutionary approach to Healthy Emergency Meals by including superfoods and sprouting seeds that significantly boost overall nutrition. This pack is a major step forward in the industry, combining the beloved NuManna meals with the enhanced benefits of live nutrition.
Bullet Point 2: HEALTHY EMERGENCY MEALS:- The Defender Nutritive Pack includes Healthy Emergency Meals totaling 204 servings, ensuring that your family has access to nutritious options when they need them most. Each pack contains 124 servings of traditional, easy-to-prepare meals alongside 80 servings of organic grains and superfoods. In times of heightened stress, the body requires extra nutrition, and these Healthy Emergency Meals provide just that.
Bullet Point 3: DELICIOUS:- At NuManna, we take pride in offering Healthy Emergency Meals that are both delicious and packed with the essential nutrients needed in times of duress. These meals not only taste great but also provide the necessary sustenance for challenging times.
Bullet Point 4: ORGANIC GRAINS & SUPERFOODS (80 SERVINGS PER BUCKET):- Organic Quinoa, Organic Black Chia Seeds, Organic Sprouting Seeds, Organic Brown Jasmine Rice, Parboiled Rice, Organic Spelt.
Bullet Point 5: MEALS (124 TOTAL SERVINGS OF BREAKFAST, LUNCH AND DINNER PER BUCKET:- Sweet Habanero Chili with Pineapple (2 x 6 servings), Rice Pilaf (1 x 10 servings), Black Bean Soup (1 x 10 servings), Classic Chili (1 x 10 servings), Cheesy Potato Soup (1 x 10 servings), Cheddar Broccoli Soup (1 x 10 servings), Granola/Multi-Grain Cereal (1 x 10 servings).
Bullet Point 6: ALSO INCLUDES:- Mac n’ Cheese (1 x 6 servings), Hawaiian Style Sweet ‘n Sour (1 x 6 servings), Potato Casserole (1 x 6 servings), Pasta Primavera (1 x 6 servings), Enchilada, Beans and Rice (1 x 6 servings), Pasta Alfredo (1 x 6 servings), Italian Pasta w/Marinara Sauce (1 x 6 servings), Creamy Vegetable and Rice Soup (1 x 10 servings)
Bullet Point 7: EASY TO PREPARE MEALS:- The Defender Nutritive Pack includes Healthy Emergency Meals totaling 204 servings, ensuring that your family has access to nutritious options when they need them most. Each pack contains 124 servings of traditional, easy-to-prepare meals alongside 80 servings of organic grains and superfoods.
Bullet Point 8: EMERGENCY FOOD SUPPLY:- With Healthy Emergency Meals like the Defender Nutritive Pack, you can ensure that your family is well-prepared with nutritious, easy-to-store food options that maintain their quality over time. This makes it an excellent choice for those looking to build a reliable emergency food supply.
Product Description: <p><strong>Numanna Defender Nutritive Pack 204 Servings Healthy Emergency Meals GMO Free, Easy To Prepare Meals with Organic Grains and Super Foods Nutrient Rich Meals 25+ Years Shelf Life-</strong></p> <h3>Includes:</h3> <p>1 Defender Nutritive Pack<br />204 Total Servings of&nbsp;<strong>Healthy Emergency Meals</strong></p> <h4>Contents of the Defender Nutritive Pack:</h4> <ul> <li><strong>Organic Grains and Superfoods</strong>&nbsp;(80 total servings): <ul> <li>Organic Quinoa</li> <li>Organic Black Chia Seeds</li> <li>Organic Sprouting Seeds</li> <li>Organic Brown Jasmine Rice</li> <li>Parboiled Rice</li> <li>Organic Spelt</li> </ul> </li> <li><strong>Meals</strong>&nbsp;(124 total servings of breakfast, lunch, and dinner): <ul> <li>Sweet Habanero Chili with Pineapple (2 x 6 servings)</li> <li>Rice Pilaf (1 x 10 servings)</li> <li>Black Bean Soup (1 x 10 servings)</li> <li>Classic Chili (1 x 10 servings)</li> <li>Cheesy Potato Soup (1 x 10 servings)</li> <li>Cheddar Broccoli Soup (1 x 10 servings)</li> <li>Granola/Multi-Grain Cereal (1 x 10 servings)</li> <li>Mac n&rsquo; Cheese (1 x 6 servings)</li> <li>Hawaiian Style Sweet &lsquo;n Sour (1 x 6 servings)</li> <li>Potato Casserole (1 x 6 servings)</li> <li>Pasta Primavera (1 x 6 servings)</li> <li>Enchilada, Beans and Rice (1 x 6 servings)</li> <li>Pasta Alfredo (1 x 6 servings)</li> <li>Italian Pasta w/Marinara Sauce (1 x 6 servings)</li> <li>Creamy Vegetable and Rice Soup (1 x 10 servings)</li> </ul> </li> </ul>
Value: 1.0
Unit: Count
",https://m.media-amazon.com/images/I/813bS3Ad+6L.jpg
60720,319.89,20.79650926103741,-299.0934907389626,299.0934907389626,93.49885608770596,"Item Name: Sucralose Blended with Erythritol All Purpose Sweetener, 25 kgs (55lbs)
Bullet Point 1: CLEAN SWEET: Amazing taste from the blend of Sucralose & Erythritol, 0 calories, and 0 glycemic impact.
Bullet Point 2: APPLICATIONS: Cooking, baking, and preparing drinks, use anywhere sugar is used. 1 teaspoon per serving, 1 cup = 2 cup sugar sweetness. Simply replace sugar with half of the sweetener.
Bullet Point 3: FEATURES: 0 calories, 0 carbs, & 0 glycemic index. Free of alcohol and GMO materials.Suitable for entire family including diabetics and promote weight control.
Bullet Point 4: ORIGIN: Proudly made in the USA. Manufacturing licensed by the New Jersey Department of Health.
Product Description: Erythritol is natural, doesn’t cause side effects and tastes almost exactly like sugar without the calories. Because erythritol has a negligible effect on blood glucose it is attractive to people on carbohydrate-controlled diets.
Value: 1.0
Unit: Count
",https://m.media-amazon.com/images/I/51STKb0IkaL.jpg
50716,432.98,136.25022236785833,-296.7297776321417,296.7297776321417,68.53198245464957,"Item Name: Bloomingmore Flowers, 300 Farm Fresh Pink Ranunculus
Bullet Point 1: 10 stems per bunch with a total of 300 stems
Bullet Point 2: Stem size approximately 30-40 cm
Bullet Point 3: The box includes detailed care instructions.
Bullet Point 4: Note. Please allow for small discrepancies in the color hue due differences in monitor resolution and subtle climatic changes during growing season.
Product Description: Ranunculus are cup-shaped blooms, known for their paper-thin petals that gradually swirl outwards from a densely packed center. The ranunculus flower appears to symbolize charm and attractiveness across cultures and generations, these stunning flowers are perfect for garden-inspired arrangements or to share love and happiness with a special someone. Also, extremely popular in bridal bouquets and wedding arrangements, these flowers add a delicate touch to any occasion.
Value: 1.0
Unit: Count
",https://m.media-amazon.com/images/I/71wCd65pd7S.jpg
131253,369.89,74.64330628536595,-295.24669371463403,295.24669371463403,79.82013401677095,"Item Name: All Purpose Granular Monkfruit Sweetener (with Erythritol) | 2x Sugar Sweetness (Net Weight 25kgs/55Lbs/880oz)
Bullet Point 1: TASTE: Co-crystallization offers a uniform & clean sugary sweet without aftertaste.
Bullet Point 2: VALUE: 2X sugar sweetness; it means more monk fruit & more value. Dare to compare!
Bullet Point 3: SUPER SWEET: 1 tsp = 2 tsps. of sugar, 1bag = 142 tsps. of sugar sweetness (1.25 Lbs.).
Bullet Point 4: USE: Can be used almost anywhere sugar is used. Just replace sugar with one-half of the Sweetener.
Bullet Point 5: FEATURES: Sugar-Free, Gluten Free, Non-GMO, 0 calorie, 0 glycemic index, 0 aftertaste.
Product Description: Monk Fruit is a small green melon that harvests in remote mountain regions and has been cultivated from hundreds of years in Asian due to its delicious sweet taste and enormous healthy benefits. Natural Mate All Purpose Monk Fruit Sweetener is blended from the real fruit extract and Erythritol, brings you a rich and sweet sugar taste without calories and aftertaste. Natural Mate All Purpose Monk Fruit Sweetener just like the granulated sugar, can be virtually used anywhere sugar used. Simply replace the amount of sugar called for in your favor recipes with one-half the amount of Natural Mate Monk Fruit Sweetener. Sweetness Conversion Chart 1 tsp of NM Monk Fruit = 2 tsps of Sugar 1 cup of NM Monk Fruit = 2 cups of Sugar. Natural Mate stands behind all products 100%. If you are not satisfied with your purchase for any reason, just contact us and we will exchange or refund your purchase.
Value: 881.8
Unit: Ounce
",https://m.media-amazon.com/images/I/71UQ6zi7gxL.jpg
151331,441.98,148.13943134254592,-293.8405686574541,293.8405686574541,66.48277493494142,"Item Name: McCormick Culinary Coarse Grind Black Pepper, 25 lb - One 25 Pound Box Bulk Coarse Ground Black Pepper, Perfect for Back of House Use and Recipe Customization
Bullet Point 1: VIBRANT PEPPER FLAVOR: Coarse-ground pepper turns dishes into expertly seasoned showpieces; craft recipes with enhanced aromas, biting flavors and noticeable textures
Bullet Point 2: PERFECT FOR CHEFS: Each bulk box of coarse-ground black pepper weighs 25 pounds; keep enough pepper in your commercial kitchen to make bulk recipes or dispense seasoning into smaller containers so that your customers can season their food to taste
Bullet Point 3: COARSELY GROUND: This grind sprinkles consistent flecks of pepper on your meals for a visually appealing texture that infuses heat into your food; this grind has a mesh size of 10
Bullet Point 4: VERSATILE SPICE: Enjoy a highly versatile seasoning that complements meats, vegetables, soups, sauces, salad dressings and all kinds of recipes; woody, hot notes penetrate other flavors for a noticeable kick
Bullet Point 5: FEEL GOOD INGREDIENTS: McCormick Culinary Coarse Grind Black Pepper contains only natural, premium ingredients; enjoy improved taste without artificial flavors or added MSG
Value: 400.0
Unit: Ounce
",https://m.media-amazon.com/images/I/813dZDol2SS.jpg
164679,300.0,8.338151627885756,-291.66184837211426,291.66184837211426,97.22061612403809,"Item Name: More Than Gourmet Glace D'agneau Gold, Roasted Lamb Stock, 1.5 Ounce (Pack of 1)
Bullet Point 1: RICH LAMB STOCK: Elevate the flavor of any dish by adding this taste enhancer which can be more than just a base for soups, stews, and gravies
Bullet Point 2: GOOD SERVING SIZE: Enough to make 4 cups of classic concentrated roasted lamb bouillon
Bullet Point 3: NATURAL INGREDIENTS: This is gluten-free with no preservatives, making it an excellent choice for a hearty palate. State of Readiness: Ingredient
Bullet Point 4: READY TO USE: Simply add 1.5 ounces of the canned gravy to 30 ounces of hot water, simmer, and whisk until dissolved for the ideal sauce
Bullet Point 5: FAMILY HISTORY: These soups and stocks with rich taste have been a mainstay in family kitchens for many generations
Value: 1.5
Unit: Ounce
",https://m.media-amazon.com/images/I/61XOFh-KLHL.jpg
50252,341.38,52.49302754207991,-288.8869724579201,288.8869724579201,84.62328562245008,"Item Name: Food to Live Blue Spirulina Powder, 6 Pounds — Pure Raw Blue-Green Algae Extract, Kosher, Vegan, Non-Irradiated, Rich in Phycocyanin, Great for Juices, Smoothies, Shakes, Drinks, and Food Coloring
Bullet Point 1: ✔️ PREMIUM QUALITY: Blue Spirulina Powder by Food to Live is a premium quality fine powder. It is a Kosher superfood. Moreover, its free of trans-fat and cholesterol.
Bullet Point 2: ✔️ HIGHLY NUTRITIOUS SUPERFOOD: Blue Spirulina Powder is an excellent source of Vitamins B1, B2, B3, Iron, Copper, Magnesium, Potassium, Manganese, and Phycocyanin, a powerful antioxidant.
Bullet Point 3: ✔️ RAW & CONTAINS NO ADDITIVES: Food to Live’s Blue Spirulina Powder is 100% Raw and contains no additives. It’s suitable for Keto, Paleo, and Vegan diets.
Bullet Point 4: ✔️ EXTREMELY VERSATILE: Use this powder for smoothies, protein shakes, lattes, bowls, raw desserts, muffins, cakes, pies, and ice-cream. Sprinkle it over any dish as a nutritional booster.
Bullet Point 5: ✔️ FOOD COLORING AGENT: With this ingredient in your kitchen, you may forget about artificial food dyes. Blue Spirulina Powder will give your favorite dishes and baked goodies a magnificent blue color.
Product Description: Blue Spirulina Powder is a highly nutritious superfood that is extracted from Green Spirulina, also referred to as blue-green algae. In a nutshell, at first Green Spirulina needs to be produced, then a blue pigment called Phycocyanin is separated, dried and sold as Blue Spirulina Powder. Why is it so valued? The answer lies in its nutritional profile which we will go over further. Pure Blue Spirulina Powder Nutritional Value Powdered Blue Spirulina is rich in many nutrients that have a positive impact on our general well-being. It’s a powerhouse of B-group vitamins such as Thiamin (B1), Riboflavin (B2), Niacin (B3), and essential minerals like Iron, Copper, Magnesium, Potassium, and Manganese. Moreover, Blue Spirulina is pure Phycocyanin, a powerful antioxidant that may fight free radicals. How to use Blue Spirulina Powder Blue Spirulina Powder’s flavor is not very pleasant if eaten on its own. It is kind of salty but not as strong and fishy as Green Spirulina. Moreover, the taste is barely detected if the powder is combined with other ingredients, both sweet and salty. The easiest way to incorporate this superfood into your diet is using Blue Spirulina Powder for smoothies, protein shakes, various citrusy beverages, and yogurt. It’s also an excellent food coloring agent that will give your dishes a vivid blue tint. That’s why Blue Spirulina Powder will be a great addition to desserts and baked goodies. Besides, you may just sprinkle it over any meal as a nutritional booster. Eat no more than 1-2 teaspoons of Blue Spirulina Powder a day, however, do not eat is daily for a prolonged period of time. Storage tips Keep this powder in a moisture-proof container or a zip-lock bag to prevent its contact with humid air and heat sources. If you want to save up a bit, consider our Blue Spirulina Powder bulk bags.
Value: 96.0
Unit: Ounce
",https://m.media-amazon.com/images/I/81C4Vttxv1L.jpg
202254,298.0,9.524664356940365,-288.4753356430596,288.4753356430596,96.80380390706699,"Item Name: Tory Burch Coco Ginger Shortbread Sandal 9, Pink
Value: 1.0
Unit: Ounce
",https://m.media-amazon.com/images/I/51+O3wtQdOL.jpg
92243,303.12,15.16014041570535,-287.95985958429463,287.95985958429463,94.99863406713335,"Item Name: Oil,Og2,Safflower
Value: 0.0
Unit: Count
",https://m.media-amazon.com/images/I/41UKBaCAsZL.jpg
192184,349.95,63.63498890472857,-286.3150110952714,286.3150110952714,81.81597688106056,"Item Name: Agrimony Alcohol-FREE Liquid Extract, Organic Agrimony (Agrimonia Eupatoria) Glycerite Hawaii Pharm Natural Herbal Supplement 15x4oz
Bullet Point 1: Agrimony Alcohol-FREE liquid extract contains ONLY natural ingredients!
Bullet Point 2: High Quality Agrimony Alcohol-FREE liquid extract - we use classic conventional methods of extraction! We meticulously produce our extracts according to precise standards where each herb is extracted according to the distinct characteristic of each plant!
Bullet Point 3: Super concentrated Agrimony Alcohol-FREE extract: dried material / menstruum ratio is 1:3!
Bullet Point 4: We strictly use Only Certified or ethically sourced wild harvested raw material, vegetable palm glycerin and crystal clear artesian purified water! Really the BEST Agrimony herbal glycerite on market!
Product Description: Agrimony is a perennial herbaceous plant with straight, strong, pubescent stems, reaching a height of 30 to 100 cm. Rough hairs cover the entire plant. The leaves are pinnate. On the top they are dark green and velvety, light green below. In September, small fruits are formed - tenacious achenes.They can cling with their bristles to animal fur and human clothing and spread over long distances.
Value: 60.0
Unit: Fl Oz
",https://m.media-amazon.com/images/I/71C4L4yjJbL.jpg
287217,313.91,27.7143629747999,-286.19563702520014,286.19563702520014,91.1712392167182,"Item Name: Lundberg Family Farms - Organic Wild Rice, Pantry Staple, Great for Cooking, Long Grain, Firm Texture, Nutty Flavor, Rich & Hearty, Whole Grain, Non-GMO, Gluten-Free, Vegan, Kosher (25 lb)
Bullet Point 1: RICH & HEARTY: This long grain cooks with the aro­ma of the great out­doors. Its firm tex­ture & rich, nut­ty fla­vor will add a rus­tic touch & whole-grain good­ness to your favorite recipes, includ­ing soups, side dish­es, & even desserts.
Bullet Point 2: THOUGHTFULLY CRAFTED: Exotic & savory, this whole grain wild rice provides a wholesome spark to a range of recipes. Combine it with an array of vegetables to create a healthful pilaf. For dessert, use this rice make a wild rice & carrot tea cake!
Bullet Point 3: GOOD FROM THE GRAIN UP: This product is Non-GMO Project Verified, USDA Certified Organic, gluten-free, 100% whole grain, vegan, & Kosher. At Lundberg Family Farms, we strive to make every bite of our grains as healthful as they are delicious.
Bullet Point 4: LEAVE THE LAND BETTER THAN YOU FOUND IT: There’s more to food than flavor. Our focus on organic, non-GMO & diverse grains helps create a food system that doesn't drain our earth’s resources, & that puts meals on your table of the highest quality.
Bullet Point 5: CULTIVATING A FAMILY TRADITION: For over four generations, the Lundberg family has produced high-quality organic rice products. Our mission is to honor our family farming legacy by nourishing, conserving, & innovating for a healthier world.
Bullet Point 6: Nutritious layers of bran contain the fiber and healthy bran oil important to a balanced diet.
Bullet Point 7: Great ingredient for a unique take on rice pilaf
Bullet Point 8: 45 grams or more whole grains per serving
Bullet Point 9: Certified USDA organic
Bullet Point 10: Kosher certified
Value: 400.0
Unit: Ounce
",https://m.media-amazon.com/images/I/81dhrBZoYGL.jpg
286550,299.0,13.502885898509632,-285.49711410149035,285.49711410149035,95.48398464932788,"Item Name: Tiffen 4x5.65"" 0.3 ND Filter
Bullet Point: Darkens Entire Image|Allows Reduced Shutter Speed|Allows Wider Aperture|ColorCore Technology|Water White Glass Filter
Product Description: The Tiffen 4 x 5.65"" ND Filter is a solid neutral density filter providing exposure reduction. This density creates a darkening of the entire image, allowing you to photograph with a wider aperture or slower shutter speed than normally required. By slowing your exposure time or increasing your aperture, you are able to control depth of field and convey movement more easily. Neutral density filters do not affect the coloration of the image and are ideal for pairing with other filters. This filter is constructed from Water White glass and is made using ColorCore technology, a process that involves laminating the filter substrate between 2 pieces of optical glass and grinding flat to a tolerance of 1/10,000th of an inch. This filter measures 4 x 5.65"" / 101.6 x 143.5mm. Darkens Entire Image Allows Reduced Shutter Speed Allows Wider Aperture ColorCore Technology Water White Glass Filter
Value: nan
Unit: None
",https://m.media-amazon.com/images/I/91ad-i3KWLL.jpg
81346,286.77,8.009563486370574,-278.76043651362943,278.76043651362943,97.2069730144818,"Item Name: Nescaf Clasico Decaf Instant Coffee 7 Oz
Product Description: Grocery
Value: 7.0
Unit: Ounce
",https://m.media-amazon.com/images/I/21lE5fNSjeL.jpg
180502,322.12,43.51171172508141,-278.6082882749186,278.6082882749186,86.49208005554408,"Item Name: Think Thin Brownie Crunch Bar, 2.1 Ounce -- 120 per case.
Value: 120.0
Unit: Count
",https://m.media-amazon.com/images/I/51lGaTYBNfL.jpg
182222,333.27,56.37946339200419,-276.8905366079958,276.8905366079958,83.08294674227977,"Item Name: East West Furniture HLDU3-MAH-W 3 Piece Dining Set Contains a Round Dining Room Table with Pedestal and 2 Kitchen Chairs, 42x42 Inch, Mahogany
Bullet Point 1: kitchen SET: The 3-piece dining room set consists of a kitchen dining table and 2 wooden chairs. Our contemporary kitchen table and sturdy wooden dining chairs provide comfort in both dining and kitchen areas. This kitchen set complements modern aesthetics and is an excellent choice for decorating your home beautifully. It allows you to enjoy meals with your family or friends during your leisure time.
Bullet Point 2: WOOD TABLE SET FINISH: The Mahogany finish adds a touch of modernity to our dining table set. The round table and wooden chairs exude a luxurious and retro feel. The chairs are designed with comfortable Mahogany Solid Wood seats, Mahogany Rubber Wood legs, and open panel backs. They are ergonomically crafted to conform to your body shape, allowing for proper air circulation and providing a soft and comfortable seating experience.
Bullet Point 3: SUPERIOR QUALITY MATERIAL: The dining table set is skillfully constructed using high-quality Asian wood, specifically Rubber Wood, renowned for its exceptional durability. This premium material ensures that the kitchen table and chairs set possess remarkable strength and can withstand regular, long-term use without compromising on quality.
Bullet Point 4: MID CENTURY CHAIR SEAT MATERIAL: The dinner chairs are made of Rubber Wood, ensuring robustness to support weights of up to 300 lbs. The Solid Wood seat requires minimal maintenance for everyday use. Additionally, the chairs include footrests for enhanced comfort. This elegant dining table and chairs set serves as a focal point for your home decor.
Bullet Point 5: ITEM DIMENSIONS: Proportions of the gorgeous Kitchen dining chair are: Length: 21; Width: 17; Height: 38. The Sizes of the wonderful breakfast table are: Length: 42; Width: 42; Height: 29.5.
Bullet Point 6: This Dining Table Set arrives in 3 boxes. One box for the table top, one for the pedestal and one box for the chairs.
Value: 1.0
Unit: Count
",https://m.media-amazon.com/images/I/91+18kbAOjL.jpg
180094,299.95,23.638502000067007,-276.31149799993295,276.31149799993295,92.11918586428837,"Item Name: Golden Saffron, Finest Pure Premium All Red Saffron Threads, Grade A+ Super Negin, Non-GMO Verified. For Tea, Paella, Rice, Desserts, Golden Milk and Risotto (75.0 Grams)
Bullet Point 1: GRADE 1 SUPER NEGIN SAFFRON THREADS - Our SUPER NEGIN Grade Saffron. 100% Pure, and Fresh Threads in Standard Food-Safe Tin Packages. Hand-picked Saffron Comes Directly from Farms. Golden Saffron is the real taste of saffron with no impurities, additives, MSG, or toxins
Bullet Point 2: LAB TESTED IN USA AND NON-GMO VERIFIED - Golden Saffron is Lab Tested in the USA with ISO 3632. Our saffron got the highest levels of Crocin (Color 280+ ) Safranal (Aroma 37+) and Picocrocin (Flavor 99+). Golden Saffron is Non-GMO Project Verified.
Bullet Point 3: GOLDEN SAFFRON IS PERFECT ADDITION TO ENHANCE ANY RECIPES - Golden Saffron can be used to add amazing taste, color, and flavor to any dish. Our saffron is perfect for Tea, Paella, Pasta, Lamb or Chicken Tagine, Biryanis, cakes, Moussaka, Saffron Aioli, Puddings, Rice, Curries, Stews, Casseroles, Risottos, Chicken kebab, Golden Milk and any other recipes
Bullet Point 4: 100% PURE AND FRESH - Golden Saffron is completely natural and does not contain any forms of artificial preservatives. It is 100% organically produced and carefully harvested by hand and packaged in food-safe tins for maximizing the freshness and shelf life
Bullet Point 5: 100% SATISFACTION GUARANTEED – We do offer a 100% satisfaction guarantee so, if you are not 100% satisfied with the product send us a message and we will do our best to provide the highest quality of customer service, also we are here to answer any question related to saffron and our product and recipes so do not hesitate to send us a message.
Product Description: Golden Saffron has always been aiming to provide the best quality of saffron without any preservative and added items. Golden Saffron contains %100 all red and authentic hand picked threads in its purest form, known as the best quality saffron in the world in terms of color and smell as two main parameters to evaluate saffron quality. In each Package of Golden Saffron “Premium Saffron” you will find nothing but All Red, Natural, Pure, Fresh and full Saffron Threads without any broken or yellow stigma, no waste, no yellow part, carefully selected and stored. Saffron is great to use In tea or dishes such as rice, paella, risotto, chicken, curries and many more. It enhances the flavors and colors of the dishes when added.
Value: 2.6455
Unit: Ounce
",https://m.media-amazon.com/images/I/71NG9gDyh2L.jpg
240174,295.74,19.915369674416308,-275.8246303255837,275.8246303255837,93.26591949874339,"Item Name: Mexican Sprite - 12 oz (96 Glass Bottles)
Bullet Point: New Soda
Value: 96.0
Unit: Count
",https://m.media-amazon.com/images/I/11Uiv+4eyWL.jpg
261131,299.95,27.77192024152421,-272.1780797584758,272.1780797584758,90.74115011117713,"Item Name: Tian Ma Alcohol-FREE Liquid Extract, Tian Ma, Gastrodia (Gastrodia Elata) Tuber Glycerite Natural Herbal Supplement, Hawaii Pharm, USA 2x32 fl.oz
Bullet Point 1: Tian Ma NON-Alcohol liquid extract contains ONLY natural ingredients!
Bullet Point 2: High Quality Tian Ma NON-Alcohol liquid extract- we use classic conventional methods of extraction! We meticulously produce our extracts according to precise standards where each herb is extracted according to the distinct characteristic of each plant!
Bullet Point 3: Super concentrated Tian Ma NON-Alcohol extract: dried material / solvents ratio is 1:3!
Bullet Point 4: We strictly use Only Certified Organic or ethically sourced wild harvested raw material, vegetable palm glycerin and crystal clear artesian purified water! Really the BEST Tian Ma herbal glycerite on market!
Product Description: Tian Ma, Gastrodia (Gastrodia Elata) is mainly produced in provinces of Sichuan, Yunnan, and Guizhou in China. Gastrodia Elata is a parasitic perennial herb. The plant has long elliptical underground rhizome with a diameter of 3-5 centimeters but may grow up to 7 centimeters. The stem is erect, the orange yellow, tan, cylinder, and leafless. Blooming time is from June to July and fruiting time is from July to August.
Value: 64.0
Unit: Fl Oz
",https://m.media-amazon.com/images/I/718jTvxCt+L.jpg
160983,336.63,65.808534406039,-270.82146559396097,270.82146559396097,80.45078144965125,"Item Name: American Licorice Watermelon Sour Punch Straw Candy -- 288 per case.
Product Description: American Licorice Watermelon Sour Punch Straw Candy -- 288 per case. Satisfy Your Sour Craving Kosher
Value: 288.0
Unit: Count
",https://m.media-amazon.com/images/I/41ETIKgBbRL.jpg
202713,369.99,99.7884976355161,-270.20150236448393,270.20150236448393,73.02940683923455,"Item Name: 8 oz Guatemalan Vanilla Beans Whole Grade A Vanilla Pods for Homemade Vanilla Extract, Baking, Ice Cream, Flavoring, & Vanilla Powder
Bullet Point 1: Fresh Guatemalan Vanilla Beans from Late 2024 - 2025 Crop Suistainably Sourced From Guatemalan Farmers at Fair Market Prices
Bullet Point 2: Length is ~ 3 - 5 Inches (Approximately 8 -13 cm) with an average moisture content of 28% - 33% meaning these beans are soft, semi-pliable, and filled with millions of tiny vanilla seeds.
Bullet Point 3: Uses: Vanilla beans can be used in a variety of recipes as flavoring or ingredients and other uses such as homemade vanilla extract, baking, cooking, and brewing
Bullet Point 4: Guatemalan Vanilla Beans Have a Bold Flavor Profile that consists of roasted chiles with a Smooth Cacao Aroma Over a Warm Vanilla Base.
Bullet Point 5: Our triple inspection process ensures only the highest quality beans are sent out by checking the size, smell, aroma, and appearance before packaging in our commercial vacuum sealers.
Product Description: Vanilla beans originated in Mexico and are sun cured for months using the traditional Bourbon drying method. They are now found all over the world from places like Madagascar to Indonesia to Papa New Guinea PNG farms. The scent consists of a heavenly buttery aroma with a rich, black or dark brown color and a very oily outside surface. The interior of the bean is where the magic is at and consists of millions of black, tiny vanilla seeds that are waiting to be scraped out. Our beans are traditionally cured to develop the full, complex vanilla flavor made of over 200 organic compounds and artificial vanilla (vanillin) cannot properly replicate the complexity of natural vanilla. The entire process takes anywhere from 6 to 9 months after pollination and our farmers have turned vanilla processing and curing into an art. This region remains the industry quality benchmark for producing vanilla planifolia with high vanillin content. <br><br>There are so many recipes that can be created with vanilla beans! Desserts such as vanilla bean ice cream, creme brulee, cup cakes, or cookies can be created with these magical beans. Homemade KAHLUA or Vanilla Extract is also a very popular gift & can be made using a simple vodka infusion method! Bonus points for using the spent vanilla beans after the extract making process for creating vanilla sugar!<br><br>Our beans are triple inspected throughout their journey. First, they are inspected by our farmers who have hundreds of years of experience. The second inspection is before bulk storage for transport. The final inspection is done at our warehouse moments before packing your shipment where we check the smell, quality, and appearance.
Value: 8.0
Unit: Ounce
",https://m.media-amazon.com/images/I/61yNJwZuO9L.jpg
183721,369.81,100.20028212536305,-269.60971787463694,269.60971787463694,72.90492898370432,"Item Name: Darling Down Wagyu Beef Bone in Rib Steak Tomahawk, 2 count per pack -- 2 per case.
Bullet Point: Special Orders CANNOT be cancelled, returned or refunded.
Product Description: Darling Down Wagyu Beef Bone in Rib Steak Tomahawk, 2 count per pack -- 2 per case. Beef Provides Nutrients Like Zinc, Iron, Protein And B Vitamins, And Half Of The Fat Found In Beef Is Monounsaturated, The Same Heart-healthy Fats Found In Olive Oil.
Value: 2.0
Unit: Count
",https://m.media-amazon.com/images/I/51D2y8+ISmL.jpg
13298,293.7,24.822692287679597,-268.8773077123204,268.8773077123204,91.54828318431065,"Item Name: Wild Planet Foods 100% Wild Albacore Tuna 64 oz Pack of 6
Product Description: Hand-packed raw Albacore tuna fillets are seasoned with a touch of sea salt and cooked just once in the can to retain all of the natural juices, rich in Omega 3 oils. Simply mix the natural juices into the tuna for enhanced flavor, nutrition and maximum yield
Value: 384.0
Unit: Ounce
",https://m.media-amazon.com/images/I/7112k9NaGzL.jpg
234857,283.98,16.82508474578287,-267.15491525421714,267.15491525421714,94.07525714987574,"Item Name: PACK OF 10 Purified Water 8 oz. bottle, 80 pk -Small Bottles Of Water - Mini Water Bottles - 8 oz Bottled Water - Bulk Small Water (TOTAL 800 Bottles)
Bullet Point 1: Total 800 bottles
Bullet Point 2: Mineral-enriched purified bottled water has a refreshing taste
Bullet Point 3: Terrific for on-the-go, sporting events, and lunch boxes
Value: 640.0
Unit: Fl Oz
",https://m.media-amazon.com/images/I/71b1lLxfYBL.jpg
297764,306.0,43.74144693175203,-262.258553068248,262.258553068248,85.70540949942745,"Item Name: Healing Noni - 12-Pack Glass Bottle 32oz - 100% Pure Hawaiian Organic Noni Juice - All-Natural - Farm Direct
Bullet Point 1: Hawaiian Heritage in Every Bottle – Made from 100% pure organic noni fruit, cultivated on our family-owned Hawaiian farms. Our process follows traditional Hawaiian maturation techniques to deliver the authentic, natural essence of noni.
Bullet Point 2: Naturally Matured & Unfiltered – Our noni juice undergoes a natural enzymatic maturation process that enhances its distinctive taste and character, just as nature intended. This ensures the juice remains pure, unfiltered, and unaltered, with zero additives, preservatives, or added sugars.
Bullet Point 3: Nutrient-Dense Superfruit – Contains 160+ naturally occurring compounds, including phytonutrients, enzymes, vitamins, and minerals, making it a unique and valued part of traditional diets.
Bullet Point 4: Versatile & Pure – Our noni juice is USDA Organic, Vegan, Kosher, and non-GMO, making it a clean and natural choice for any diet. Enjoy it straight or mix it with your favorite juice to complement its bold, tropical taste.
Bullet Point 5: From Our Farm to Your Bottle – Every bottle of Healing Noni Juice is grown, matured, and bottled directly on our Big Island, Hawaii farm, ensuring the highest level of quality and integrity from seed to shelf.
Bullet Point 6: Suggested Enjoyment – Drink 1-2 oz (2-4 tbsp) once or twice daily, either on its own or blended with your preferred beverage.
Product Description: Savor the essence of Hawaii with Healing Noni Juice, made from 100% pure organic noni fruit, cultivated on our family-owned Hawaiian farms. Naturally matured using traditional Hawaiian methods, this distinctive juice delivers an authentic taste and character unique to noni. Certified USDA Organic, Vegan, and Kosher, our noni juice is crafted with zero additives, preservatives, or added sugars, ensuring the highest quality and purity. Whether enjoyed on its own or blended with your favorite juice, it brings a pure and time-honored addition to your daily routine.
Value: 384.0
Unit: Fl Oz
",https://m.media-amazon.com/images/I/81658FzNa4L.jpg
160903,329.63,69.55911901689862,-260.07088098310135,260.07088098310135,78.89781906473966,"Item Name: Oil Pure Olive Plastic Bottle 4 Case 1 Gallon
Product Description: Oil Pure Olive Plastic Bottle 4 Case 1 Gallon
Value: 128.0
Unit: Fl Oz
",https://m.media-amazon.com/images/I/61iafYre4eL.jpg
62770,333.52,74.86511073463042,-258.65488926536955,258.65488926536955,77.55303707884671,"Item Name: Warheads Assorted Double Drops Liquid Candy, 1.01 Fluid Ounce -- 192 per case
Value: 193.92
Unit: Fl Oz
",https://m.media-amazon.com/images/I/51ff4vorlOL.jpg
231764,329.0,77.26150420744217,-251.73849579255784,251.73849579255784,76.51626011931849,"Item Name: Dolce Flav Orange Creamsicle Extract - 1 Gallon Oil-Soluble Multipurpose Flavoring Ideal for Candy Making, Baking, Lip Balm, and Ice Cream - Perfect Kitchen Gift for Holidays
Bullet Point 1: Pure Orange Creamsicle Extract for Baking Brilliance: Infuse your baked goods with the delightful blend of citrus zest and creamy notes our orange creamsicle flavoring offers. This extract is a game-changer for cakes, pastries, and more, providing a unique twist that's perfect for baked creations like cookies and shortcake.
Bullet Point 2: Oil-Soluble Creamsicle Perfection: Our orange creamsicle extract excels in oil-based recipes, offering a richer, more robust orange and cream flavor profile compared to water-soluble alternatives. It's perfect for enhancing oil-based confections, from candy to simple syrup.
Bullet Point 3: Innovative Orange Creamsicle Culinary Creations: Revolutionize your marinades, dressings, and sauces with our unique orange creamsicle concentrate. This versatile extract brings a nostalgic, sweet-yet-savory creamsicle essence to both sweet and savory dishes.
Bullet Point 4: Master the Art of Orange Creamsicle Desserts: Our orange creamsicle essence is ideal for creating decadent frostings and desserts, from luscious creamsicle frosting to sumptuous ice cream. Its luxurious creamy orange flavor elevates every dessert it touches.
Bullet Point 5: Commitment to Creamsicle Quality: Our premium orange creamsicle extract is designed to enrich an array of culinary endeavors, from baking to candy making. While Amazon's return policies might apply differently, we're dedicated to your satisfaction. Reach out for support in crafting delightful treats like popsicles, waffle mix confections, or creamsicle-flavored lip balm and lip gloss.
Bullet Point 6: Suggested Use for Confectionery: Hard Candy, Caramel, Candy Apples & Lollipops Add 1 teaspoon (5 milliliters) per 1 pound (16 ounces) of candy mixture.
Bullet Point 7: Suggested Use for Confectionery: Gummies, Chocolate, Truffles & Fudge Add 1 teaspoon (5 milliliters) per 2 pounds (32 ounces) of mixture.
Bullet Point 8: Suggested Use for Baking: Cupcakes, Muffins, Cookies, Brownies & Pies Add 1 teaspoon (5 milliliters) per 575 grams (approximately 4 cups) of batter or dough.
Bullet Point 9: Suggested Use for Cosmetics: Chapstick & Lip Gloss Add 2 teaspoons (10 milliliters) per 6 ounces of lip balm or lip gloss base.
Bullet Point 10: Suggested Use for Taffy Add 1/4 teaspoon (approximately 1 milliliter) per 1 pound (16 ounces) of taffy mixture.
Product Description: <p><strong>Embrace the Vibrance of Orange Creamsicle's Zesty Aroma</strong><br> Discover the uplifting essence of our oil-soluble Orange Creamsicle Flavoring, enveloping your culinary creations in a lively and creamy orange flavor. Whether you aim to infuse a touch of creamsicle into your baked goods or enhance your savory dishes with a distinctive citrusy twist, our flavoring is tailored for those who savor the delightful appeal of creamy, aromatic flavors.</p> <p>Experience the authentic fragrance of orange creamsicle with our premium-quality flavoring. It's perfect for introducing a creamy orange essence into your homemade desserts, glazes, and savory sauces or embarking on culinary adventures with creamsicle flavoring. Our flavoring excels in oil-based applications, imparting a luscious creamsicle infusion to your dishes.</p> <p>For culinary enthusiasts, our Orange Creamsicle Flavoring offers remarkable versatility. It enhances oil-based marinades, salad dressings, and even savory recipes, adding a delightful creamsicle essence. Its oil solubility makes it an exceptional choice for crafting creamsicle-infused oils and a wide array of creative culinary creations.</p> <p>Your satisfaction is our utmost priority. While Amazon's return policy may not apply to our category, we are dedicated to ensuring your contentment with our product. If you have any questions or concerns, please do not hesitate to contact us directly. We aim to make your experience with our Orange Creamsicle Flavoring satisfying and invigorating, infusing your dishes with the delightful magic of creamsicle.</p>
Value: 128.0
Unit: Fl Oz
",https://m.media-amazon.com/images/I/61fTF+QzOQL.jpg
176810,298.16,47.221627065469086,-250.93837293453095,250.93837293453095,84.16231987340049,"Item Name: Think Thin Chunky Peanut Butter Bar, 2.1 Ounce - 120 per case.
Product Description: Think Thin Chunky Peanut Butter Bar, 2.1 Ounce -- 120 per case. Every Bite Of Our Chunky Peanut Butter Bar Is Chock Full Of Wholesome Roasted Peanuts Covered In Delicious Milk Chocolate.
Value: 120.0
Unit: Count
",https://m.media-amazon.com/images/I/31kXHYVtVFL.jpg
149071,320.45,69.54985449006078,-250.9001455099392,250.9001455099392,78.29619145262573,"Item Name: Blooms2Door 100 Red Roses (Farm-Fresh, Long Stem - 50cm) - Farm Direct Wholesale Fresh Flowers
Value: 100.0
Unit: Count
",https://m.media-amazon.com/images/I/81C4XICOW-L.jpg
188363,303.56,55.82138860681298,-247.73861139318703,247.73861139318703,81.6110855821541,"Item Name: Food to Live Organic Super Sweet Corn, 10 Pounds - Freeze-Dried Kernels, Non-GMO, Kosher, Healthy Snack, Bulk, Grown in the USA
Bullet Point 1: ✔️LOW-CALORIE WHOLE GRAIN: Enjoy Organic Corn from Food To Live in low-calorie dishes and diet cornbread.
Bullet Point 2: ✔️GLUTEN-FREE GRAIN: Organic Corn doesn’t contain any gluten. Cornmeal can be used as a wheat flour substitute.
Bullet Point 3: ✔️SOURCE OF MANY NUTRIENTS: Food To Live Organic Corn contains small amounts of many vitamins and minerals.
Bullet Point 4: ✔️COMPLETELY NON-GMO: Our Certified Organic Corn is not genetically modified and doesn’t contain any toxins.
Bullet Point 5: ✔️GREAT FOR DIGESTION: Organic Corn is rich in dietary fiber, which is essential for healthy digestion.
Product Description: <p><b>Organic Corn: A Staple Food of Americans</b><p>Corn, also known as maize, is a food every US resident comes to love from childhood. The Native Americans have been eating this grain for millennia and the arrival of Spanish conquistadores spread this incredible plant all over the world. Today, corn is one of the most important foods in the world. Many programs aiming to fight world hunger rely on this particular plant due to the ease of its cultivation and high nutritional value.<p>Food To Live Organic Corn allows you to enjoy this delicious and healthy grain anytime. You can buy it in bulk and it will safely wait in your pantry until you feel like cooking some corn dish. This is a desire that one should encourage, as organic corn is a very good cooking ingredient. It contains quite a lot of nutrients as well as dietary fiber and protein.<p>Corn is used in many industries, including pharmaceuticals where corn starch is one of the most common additives. A single bushel of sweet corn can be turned into 32 pounds of starch or 33 pounds of sweetener. It can also be used to create 2.5 gallons of ethanol fuel.<p><b>Food To Live Organic Corn: Non-GMO and 100% Safe</b><p>Food To Live Organic Corn comes from farmers who use only the best agricultural practices to ensure the health of both their produce and the land. Our Certified Organic Corn is indeed organic. This means that it’s a non-GMO product that doesn’t contain any dangerous and toxic chemicals that might come from pesticides, nitrate fertilizers, and other chemicals used in some farms.<p>Most importantly, Food To Live Organic Corn is free from any dangerous genetic modifications. It’s a sad fact that the people of today have to be concerned about this matter in particular as the majority of corn in the US used to be GMO.
Value: 160.0
Unit: Ounce
",https://m.media-amazon.com/images/I/81NjaY2QxvL.jpg
50680,432.98,185.513589242376,-247.466410757624,247.466410757624,57.15423593644602,"Item Name: Bloomingmore | Fresh Cut Flowers | Burgundy Ranunculus | 300 Stems - 20 in | Home, Office, Wedding Decor, DIY, Party Event, Housewarming, Teacher and Engagement
Bullet Point 1: BLOOM SELECTIONS: 10 stems per bunch with a total of 300 stems
Bullet Point 2: STEM LENGTH: 30-40 cm
Bullet Point 3: CARE AND HANDLING - Before your flowers ship, they are prepared with proper hydration methods. To ensure your flowers thrive, simply follow these care steps upon arrival: remove your bouquet from its wrap and place them in a vase filled with fresh luke warm water.
Bullet Point 4: DELIVER AT YOUR CONVENIENCE: Place your orders any day, by 2 PM EST to receive your items in 6 days.
Bullet Point 5: SATISFACTION GUARANTEED: We stand behind the quality of our products. If you're not completely satisfied, contact us for a refund or replacement. Digital pictures required.
Product Description: Ranunculus are cup-shaped blooms, known for their paper-thin petals that gradually swirl outwards from a densely packed center. The ranunculus flower appears to symbolize charm and attractiveness across cultures and generations, these stunning flowers are perfect for garden-inspired arrangements or to share love and happiness with a special someone. Also, extremely popular in bridal bouquets and wedding arrangements, these flowers add a delicate touch to any occasion. <br><br>✅ Note. Please allow for small discrepancies in the color hue due differences in monitor resolution and subtle climatic changes during growing season.<br><br>✅ The box will include care instructions to help make the flowers long lasting. Before your flowers ship, they are prepared with proper hydration methods. If your flowers appear sleepy and thirsty, it is normal.
Value: 1.0
Unit: Count
",https://m.media-amazon.com/images/I/71H4zIsZZXS.jpg
24634,289.99,44.338350944559615,-245.6516490554404,245.6516490554404,84.71038623933252,"Item Name: Tartaric Acid - USP Food Grade (25kg.)
Value: 800.0
Unit: Ounce
",https://m.media-amazon.com/images/I/71fongWifqL.jpg
166732,267.395,22.27477430001833,-245.12022569998166,245.12022569998166,91.66971173731059,"Item Name: Green Mountain Coffee, GMT4162, Vermont Country Blend Ground Coffee, 100 / Carton
Bullet Point 1: Specially crafted to deliver comforting taste
Bullet Point 2: High-quality Arabica beans have been roasted to bring out a balanced flavor
Bullet Point 3: Vacuum-sealed packs provide long-lasting freshness
Bullet Point 4: Use in standard coffeemakers
Value: 220.0
Unit: Ounce
",https://m.media-amazon.com/images/I/71kzWakex1L.jpg
123813,255.95,11.948780629315827,-244.00121937068417,244.00121937068417,95.33159576897214,"Item Name: Twisted X Men's Ruff Stock Western Boot Square Toe Dark Brown 11.5 D(M) US
Bullet Point 1: Full-Grain Leather
Bullet Point 2: Pull Tabs
Bullet Point 3: Cushion Comfort Insole
Bullet Point 4: Square Toe
Bullet Point 5: Stockman Heel
Value: 1.0
Unit: Count
",https://m.media-amazon.com/images/I/81OVycVV8OS.jpg
9392,282.99,40.345713485943214,-242.6442865140568,242.6442865140568,85.74306036045684,"Item Name: Lyre's American Malt - Non-Alcoholic Spirit, Case of 6, Bourbon Style, Premium, 23.7 Fl Oz x 6
Bullet Point 1: This unique spirit has been impossibly crafted to capture the essence of a gently mellowed American Classic Bourbon Malt with flavors that are distinct and contemporary. Lyre's spirits have their own distinction as a premium, non-alcoholic beverage.
Bullet Point 2: Flavor profile: Generous flavors of vanilla and toasted nuts with herbal notes providing a complexity, offset by a long, mellow finish.
Bullet Point 3: How to enjoy: Enjoy with your favorite premium mixer such as cola. A natural for classic cocktails including the Old Fashioned or an excellent Boulevardier with Lyre's Aperitif Rosso and Lyre's Italian Orange.
Bullet Point 4: Bottle Size: 700 ml x 6 (case)
Bullet Point 5: Alc Vol: Non-alcoholic
Bullet Point 6: It works with Alexa. Just ask ""Alexa, Show Me How To Make A Nonalcoholic Cocktail""
Product Description: TASTE PROFILE To Taste: Generous flavors of vanilla and toasted nuts with herbal notes providing a complexity, offset by a long mellow finish. The gently spiced palate results in the flavors remaining well after finishing. Bouquet: Honey notes, with scents of sweet spice and charred, cedary oak.
Value: 23.7
Unit: Fl Oz
",https://m.media-amazon.com/images/I/71mbMadhgWL.jpg
178011,259.535,18.805585392375484,-240.72941460762453,240.72941460762453,92.7541235700867,"Item Name: Wild Planet Wild Albacore Tuna, 3rd Party Mercury Tested, 4 Count (Pack of 12)
Bullet Point 1: Seafood with fresh-from-the-sea flavor
Bullet Point 2: Firm in texture with a rich, clean taste
Bullet Point 3: Hand packed into BPA-free can without any added salt, oil, water or fillers
Bullet Point 4: Nothing compares to the flavor, nutrition and value offered by Wild Planet
Bullet Point 5: Delicious white tuna steak
Value: 48.0
Unit: count
",https://m.media-amazon.com/images/I/91YAXMPnC5L.jpg
128571,309.86,69.95123173394138,-239.90876826605864,239.90876826605864,77.42489132706984,"Item Name: High Liner Oven Ready Whole Grain Rich Breaded Pollock and Cheese Rectangles, 20 Pound -- 1 each.
Bullet Point 1: Oven Ready Whole Grain Rich Breaded Pollock and Cheese Rectangles
Bullet Point 2: Special Orders CANNOT be cancelled, returned or refunded.
Bullet Point 3: Frozen Fish
Product Description: Our easy to prepare, oven-ready fish is breaded with a delicious whole grain coating that ensures a crunch with every bite Available in a variety of sizes and shapes from sandwich portions to nuggets this is a great lunch or dinner entree.
Value: 320.0
Unit: Ounce
",https://m.media-amazon.com/images/I/61GEx+a2c-L.jpg
99462,315.83,77.56081759984643,-238.26918240015357,238.26918240015357,75.44222600771097,"Item Name: Dried Chives by It's Delish – 20 lbs | Premium Healthy, Rich Vitamin A, C Aromatic Chopped Chive Rings
Bullet Point 1: 🥗 ALL PURE & NATURAL 🥗 – Chives have a wide variety of culinary uses, such as in traditional dishes in France, Sweden, and elsewere. It's Delish has carefully and gently harvested dried fresh chives without the addition of any artificial ingredient that can be stored for years.
Bullet Point 2: 🌎 SAFE, HIGH QUALITY PACKING & VALUE SIZE 🌎 – We deliver our products in high quality and safe packed jar to maintain its freshness and purity. Our safe packing keep it dehydrated to maintain high nutritional value and reduce nutrient loss. It has more nutritious than canned or frozen veggies. The package has a very convenient 20 lbs bulk bag.
Bullet Point 3: 💯 HEALTHY WITH AROMATIC FLAVOUR 💯 – Enhance the taste of your dishes with our dried chives. It adds a warm zest and a natural aroma to savory dishes and gives it a robust and aromatic flavor. The delicate flavor that chives impart to food makes it a very useful herb. Chives are also rich in vitamins A and C, and are rich in calcium and iron.
Bullet Point 4: ❤️ BEST PAIR WITH ❤️ – Chives are extremely versatile in use. It can best pair with sauces, salad dressings, casseroles, dips and other recipes. You can sprinkle it over fish, deviled eggs, scrambled eggs, mashed potatoes, vegetables, stews, sauces, pasta, cheese and dips. It is also used as a garnish for any dish to look it more appealing
Bullet Point 5: 🔆 YOU ARE VALUABLE 🔆 – We cherish your involvement in our brand more than everything else. It is Certified Kosher OU Packaged in the USA non-GMO and No MSG. If you need our help or need to ask something reach out to us. Our help group will be glad to support you and guarantee that you are 100%.
Product Description: <p><strong>Dried Chives by It's Delish, 20 lbs Bulk Bag</strong></p><p>Perfect to brighten and enliven countless dishes. This springtime favorite, allium schoenoprasum by its botanical name, imparts a mild onion flavor that pairs with vegetables, meats, eggs, soups, and salads alike.</p><p><strong>Variety of Uses:</strong> Chives are used with soups, fish, and sandwiches.</p><p><strong>Delicious Herbs:</strong> Chives are one of the fines herbes of French cuisine, which also include tarragon, chervil, or parsley.</p><p>The product should be stored under normal food warehouse conditions at cool temperatures of 50 ̊-70 ̊F (10 ̊-21 ̊C) with a relative humidity of 70%. Avoid exposure to direct sunlight or excessive heat. The shelf life is 12 months packed as bulk and 36 months in a packaged container.</p><p>Capacity or Yield: 1 cup yields 1 cup (by the volume) or 5 ounces (by the weight)</p><p><strong>About It's Delish!</strong></p><p>It's Delish was established in 1992 and is located in North Hollywood, California. It's Delish is a food manufacturer and distributor who produces over 500 gourmet food products including licorice, sour belts, taffies, caramels, Jordan almonds, chocolates, nuts, fruits, trail mixes, spices, and the spice blends. It's Delish also produces organics and all-natural products. We give you the opportunity to order from the factory direct!</p><p>It's Delish! prides itself on the four pillars that are at the foundation of everything we do.</p><p>Innovation Quality Value Service</p>
Value: 20.0
Unit: Ounce
",https://m.media-amazon.com/images/I/71DTsxVKjXL.jpg
222432,337.67,100.03396141408088,-237.63603858591915,237.63603858591915,70.37522983561439,"Item Name: Food to Live Dry Roasted Pine Nuts, 16 Pounds – Naturally Tasty and Crunchy, Nutritious and Delicious, Perfect for Cooking, Baking and Snacking, Vegan, Kosher, Bulk
Bullet Point 1: ✔️Rich & Buttery Flavor – Lightly roasted for a smooth, nutty taste with a delicate crunch.
Bullet Point 2: ✔️Versatile Cooking Ingredient – Perfect for salads, pasta, pesto, and grain bowls.
Bullet Point 3: ✔️Great for Baking & Snacking – Adds texture to cookies, muffins, and homemade energy bars.
Bullet Point 4: ✔️Easy to Toast & Enhance Flavor – Lightly heat in a pan to bring out extra richness.
Bullet Point 5: ✔️Convenient & Resealable – Packaged to maintain freshness and easy storage for everyday use.
Product Description: Roasted Pine Nuts bring a rich, buttery flavor and delicate crunch to a variety of dishes. Lightly roasted to enhance their natural taste, these small, ivory-colored nuts offer a smooth texture and mild, nutty aroma. Their versatile flavor makes them a popular choice for adding depth to both savory and sweet recipes. These pine nuts are perfect for a range of culinary uses. Toss them into salads for added texture, mix them into grain bowls, or use them as a topping for roasted vegetables. Their mild nuttiness pairs well with pasta dishes, including classic pesto sauce. For a unique twist, incorporate them into baked goods such as cookies, muffins, and breads. Lightly toasting them in a pan before use enhances their natural flavors and adds extra crispness. To maintain freshness, store Roasted Pine Nuts in an airtight container in a cool, dry place. Their delicate nature makes them a convenient and flavorful addition to any kitchen, whether sprinkled over dishes or enjoyed as a quick snack.
Value: 256.0
Unit: Ounce
",https://m.media-amazon.com/images/I/81GSykQAOxL.jpg
85517,259.81,22.819306950887547,-236.99069304911245,236.99069304911245,91.21692507952443,"Item Name: Folgers 100 percent colombian coffee liquid, 2 Liter - 2 pack
Bullet Point 1: Concentrated liquid coffee
Bullet Point 2: Made from Arabica beans
Bullet Point 3: 100% Columbian
Bullet Point 4: Kosher certified
Product Description: The aromatic Folgers 100 percent Columbian Coffee Liquid has a well-balanced flavor with pleasant acidic notes and a sweet characteristic of Columbian coffee. Made of high-quality, washed Arabica coffee from Colombia, this coffee concentrate packs in taste and flavor in every cup. This 2 liter Folgers concentrated liquid coffee is ideal for use in cafes, hospitals, libraries and offices.
Value: 67.6
Unit: Fl Oz
",https://m.media-amazon.com/images/I/71s3JAdCfEL.jpg
54629,74.95,309.795780722687,234.84578072268704,234.84578072268704,313.33659869604674,"Item Name: 4Patriots 1-Week Survival Food Kit: Emergency Food Supply Designed to Last 25 Years, 42 Servings
Bullet Point 1: 42 SERVINGS OF EMERGENCY FOOD: This emergency food supply doesn't compromise on taste. Enjoy a variety of delicious recipes, like Grammy’ Sweet Oatmeal and Fireside Stew. This survival food kit is a great addition to your emergency food stash. Each Kit has an average of 9,240 total calories (approx. 1,320 calories per day - you may want or need more+).
Bullet Point 2: LONG-TERM PEACE OF MIND: With a 7-day supply of survival food on hand, you’ll be better prepared to handle an emergency situation. From dangerous storms and blackouts to supply chain disruptions, this long-lasting food store could be a lifesaver in a crisis.
Bullet Point 3: “DISASTER-RESISTANT” PACKAGING: Triple-layer Mylar premium packaging works as a barrier to help protect against things that can harm your freeze-dried survival food: air, light & moisture. We use a high-tech, high-capacity oxygen absorber to suck OUT any excess air.
Bullet Point 4: DESIGNED FOR SURVIVAL OR ADVENTURES: Whether you're rounding out your survival stockpile, bugging out, or taking the family camping, this survival food will help keep you prepared. The lightweight, disaster-resistant packaging is perfect for stashing away or to bring on-the-go.
Bullet Point 5: EASY TO PREPARE, READY IN MINUTES: Tastier than MRE meals, just add boiling water, simmer and serve. It takes about 15 minutes from start to finish. With meals like Creamy Rice & Vegetable Dinner, Fireside Stew & more, you have a delicious variety of emergency food for your family.
Bullet Point 6: SURVIVAL FOOD DESIGNED TO LAST 25 YEARS: This emergency food supply is designed for long-term storage. Storage conditions impact shelf life. For best results, protect food from heat, air & moisture. Avoid exposure to temps above 75 degrees F. Keep food sealed until ready to eat. Shelf life varies based on storage conditions.
Bullet Point 7: +YOU MAY WANT OR NEED MORE CALORIES PER DAY especially if you’re pregnant, a child, elderly, or have health conditions. Your food kit is designed to provide energy & nutrients for 1 person in an emergency, not to be a complete caloric replacement during normal times.
Product Description: Your 1-Week Survival Food Kit now comes with 42 servings of delicious emergency food. That's about 6 servings a day for breakfast, lunch & dinner. And each Kit is designed to last 25 years under proper storage conditions. Each 1-Week Kit has an average of 9,240 calories (approx. 1,320 calories per day) for energy & nutrients to survive an emergency. Your 1-Week Survival Food kit is designed to provide energy and nutrients for one person in a stressful emergency situation. You may want or need more calories or nutrients per day. It’s not intended to be a complete caloric replacement during “normal” times. In an extended emergency – such as one lasting 1 week or more – you’ll want to supplement your daily calorie intake, nutrients and variety with additional 4Patriots survival food, food you have stockpiled in your pantry, fresh produce from your garden, etc. And some folks get MULTIPLE 1-Week Kits at once, to make sure that they have more calories on-hand or to feed more than 1 person. And with a deal this good, that probably makes sense!
Value: 112.0
Unit: Ounce
",https://m.media-amazon.com/images/I/71zY0bGSNXL.jpg
59569,300.0,65.68921733952968,-234.31078266047032,234.31078266047032,78.10359422015677,"Item Name: Dulcet's Unique Heart Shape Heavenly Chocolate Gift Basket, Gourmet Christmas Holiday Corporate Food Gifts in Elegant Box, Thanksgiving, Halloween, Birthday or Get Well Baskets Idea for Men & Women, 42 Pieces
Bullet Point 1: CHOCOLATE LOVERS: Dulcet's milky heart-shaped chocolates are bursting with unique flavors. This assortment features 42 hand-topped chocolates with decadent fillings in various gourmet yet nostalgic flavor profiles. These mouthwatering chocolates include flavors of heavenly rich milk, black silk, lemon ruby citron, geranium lavender, and much more. Indulge and let the party begin!
Bullet Point 2: THE PERFECT GIFT PRESENTATION: Our beautiful presentation will undoubtedly make this gift memorable. Dulcet's heart-shaped chocolates are assembled with love and compassion. This elegant gift box is accentuated with a hand-tied silk ribbon, beautifully presented, and delivered with utmost care to your recipient's door.
Bullet Point 3: STAND OUT WITH THIS UNIQUES GIFT: Whether you are looking to show appreciation to your mom, sister, wife, grandmother, to your hostess or coworker, him, or her, Dulcet's heavenly chocolates will surely bring joy to every occasion, whether it's a thank you or birthday, Valentine's Day or just any holiday these chocolates will definitely delight your recipient's heart.
Bullet Point 4: FRESHNESS: Our goal is to bring you the very best in design. Each Dulcet pastry is individually wrapped to ensure the utmost freshness. All of our amazing pastries. We have the right to change Products and Flavors upon availability for equal valued products.
Bullet Point 5: SATISFACTION: We love our present basket so much, and we're sure you will feel the same. If, for any reason, you or your recipient aren't fully satisfied with our products, we'll be there for you! What are you waiting for? Buy us with confidence!
Product Description: Dulcets heavenly chocolates are sure to be greeted with contented smiles, thrill family and friends with a gift basket filled with exciting holiday heart-shaped milk chocolates. Our four-tiered gift box features a delicious duet of luscious flavors, including heavenly rich milk, black silk, white silk, ruby citron, geranium lavender. Infused with peppermint essence topped and draped in rich, creamy milk chocolate for an indulgent treat. These Chocolates are not only fresh and tasty, they are potent. The perfect gift to show appreciation, love and sympathy celebrate the most memorable birthdays with the heart shape gourmet decadent chocolates for him her friends and family, Don't forget to add that special gift note.
Value: 1.0
Unit: Count
",https://m.media-amazon.com/images/I/61AZYAbp5oL.jpg
239960,257.45000000000005,26.06913891321571,-231.38086108678434,231.38086108678434,89.87409636309353,"Item Name: 500 Qwik Stiks Sugar-Free Electrolyte Powdered Beverage Mix (Mixed berry)
Bullet Point 1: Sugar-free: The qwik stik beverage mix is a sugar-free powdered drink mix
Bullet Point 2: Gluten-free, low calories and sodium
Bullet Point 3: 500 Sticks, 10 Bags, 50 Sticks per bag
Bullet Point 4: Each 0.11 oz (3.0 g) Qwik Stik makes 20 ounces
Bullet Point 5: Flavors: lemonade, fruit punch, grape, lemonade tea, watermelon, orange, mixed berry, lemon lime, cool citrus and strawberry lemonade
Product Description: 500 Qwik Stiks Sugar-Free Electrolyte Powdered Beverage Mix (Mixed berry)
Value: 0.11
Unit: Ounce
",https://m.media-amazon.com/images/I/51JfblJlLTL.jpg
202737,319.99,92.9623215732198,-227.0276784267802,227.0276784267802,70.94836664482646,"Item Name: 8 oz Peruvian Vanilla Beans Whole Grade A Vanilla Pods for Homemade Vanilla Extract, Baking, Ice Cream, Flavoring, & Vanilla Powder
Bullet Point 1: Fresh Peruvian Vanilla Beans from Late 2024 - 2025 Crop Suistainably Sourced From Peruvian Farmers at Fair Market Prices
Bullet Point 2: Length is ~ 5 - 6 Inches (Approximately 13-15 cm) with an average moisture content of 28% - 33% meaning these beans are soft, semi-pliable, and filled with millions of tiny vanilla seeds.
Bullet Point 3: Uses: Vanilla beans can be used in a variety of recipes as flavoring or ingredients and other uses such as homemade vanilla extract, baking, cooking, and brewing
Bullet Point 4: Peruvian Vanilla Beans Have a Tantalizing Aroma Characterized by Sweet, Floral, and Creamy Notes Adding Intriguing Complexity to Your Recipes.
Bullet Point 5: Our triple inspection process ensures only the highest quality beans are sent out by checking the size, smell, aroma, and appearance before packaging in our commercial vacuum sealers.
Product Description: Vanilla beans originated in Mexico and are sun cured for months using the traditional Bourbon drying method. They are now found all over the world from places like Madagascar to Indonesia to Papa New Guinea PNG farms. The scent consists of a heavenly buttery aroma with a rich, black or dark brown color and a very oily outside surface. The interior of the bean is where the magic is at and consists of millions of black, tiny vanilla seeds that are waiting to be scraped out. Our beans are traditionally cured to develop the full, complex vanilla flavor made of over 200 organic compounds and artificial vanilla (vanillin) cannot properly replicate the complexity of natural vanilla. The entire process takes anywhere from 6 to 9 months after pollination and our farmers have turned vanilla processing and curing into an art. This region remains the industry quality benchmark for producing vanilla planifolia with high vanillin content. <br><br>There are so many recipes that can be created with vanilla beans! Desserts such as vanilla bean ice cream, creme brulee, cup cakes, or cookies can be created with these magical beans. Homemade KAHLUA or Vanilla Extract is also a very popular gift & can be made using a simple vodka infusion method! Bonus points for using the spent vanilla beans after the extract making process for creating vanilla sugar!<br><br>Our beans are triple inspected throughout their journey. First, they are inspected by our farmers who have hundreds of years of experience. The second inspection is before bulk storage for transport. The final inspection is done at our warehouse moments before packing your shipment where we check the smell, quality, and appearance.
Value: 8.0
Unit: Ounce
",https://m.media-amazon.com/images/I/91RU7xCyoIL.jpg
237087,249.99,26.47628995322779,-223.51371004677222,223.51371004677222,89.40906038112414,"Item Name: Veggie Protein Plus™ - Organic Brown Rice & Non-GMO Yellow Pea Vegetable Protein Powder
Bullet Point 1: Plant-Powered Protein: Elevate your nutrition with Veggie Protein Plus - a blend of organic brown rice and non-GMO yellow pea protein. Packed with essential amino acids, it supports muscle growth and overall wellness.
Bullet Point 2: High Protein Bioavailability: Our formula boasts a remarkable 104 biological value, ensuring your body efficiently absorbs and utilizes every gram of protein for maximum benefits.
Bullet Point 3: California Prop 65 Compliant: Rest easy knowing our product meets California's stringent Prop 65 standards for metal limits. We prioritize your safety and well-being.
Bullet Point 4: Versatile Usage: Enjoy the flexibility of using Veggie Protein Plus in both hot and cold foods and beverages. Elevate your smoothies, recipes, and snacks with a protein boost that suits your preferences.
Bullet Point 5: Immune Support: This vegan-friendly protein blend contains natural immunoglobulins, promoting a robust immune system and efficient digestive function. It's your ideal choice for building and maintaining lean body mass while enhancing overall health.
Product Description: Veggie Protein Plus is a Natural Vegetarian Rice and Pea Protein from Organic Brown Rice & Natural Yellow Peas. It helps to maintain body weight and a healthy immune system. Biogenic Foods's vegan friendly Veggie Protein Plus is a bioactive, pure vegetable protein concentrate with naturally occurring immunoglobulins, which are more commonly referred to as antibodies. These immuno-globulins stimulate the activity levels of the immune system and are believed to promote healthy, efficient intestinal function. In turn, this also helps the body to utilize Veggie Protein Plus to help maintain and gain lean body mass from the branch chain amino acids of the pure rice and pea proteins. It is the ideal nutritional support for individuals who wish to add high quality protein to their diet to help promote optimal health and overall well being. BenefitsHelps the body control weight gain and produce lean body massProvides the body with highest biological value of protein- 104Use in hot or cold food and beveragesEasily dissolves with NO taste or odorNO bloating or laxative effectLow in fat and sodium100% non-dairy and lactose-freeNO chemical processing or harmful/unpleasant side effectsVeggie Protein Plus is a natural and organic vegetarian protein that provides the highest biological value (98% Bio availability) of any other source of protein, including eggs, milk, beef, fish, soy, potato and beans. Our product is GMO-Free (Contains NO Genetically Modified Organisms and/or Ingredients) we use only GRAS Rated Ingredients (Generally Recognized as Safe).*It is not recommended that this product be mixed with papaya or pineapple juices as the enzymes in these fruits may deactivate the protein. Nutritional InformationSuggested Use: Take 6 Tablespoons, 1 or more times daily, in 6 to 8 ounces of purified water or juice. Mixes easily in shaker cup.Veggie Protein Plus can be used in both hot and cold beverages. However, it is recommended to be mixed with water or other fruit juice. It
Value: 352.0
Unit: Ounce
",https://m.media-amazon.com/images/I/61YWsnNpp8L.jpg
3933,310.67,87.73566971565427,-222.93433028434575,222.93433028434575,71.75920761075925,"Item Name: Sour Punch - Share Me Assorted Bites, 3.5 Ounce -- 144 per case.
Bullet Point: Food items cannot be returned.
Product Description: Satisfy your sour craving. Ready To Eat.
Value: 144.0
Unit: Count
",https://m.media-amazon.com/images/I/41yZODNKSLL.jpg
62077,289.99,67.10479038304726,-222.88520961695275,222.88520961695275,76.85961916512733,"Item Name: Giusti Custom-Engraved Traditional Aged Balsamic Vinegar of Modena DOP - 25 Years, Extra Vecchio Aceto Balsamico With Wooden Box & Personalized Golden Plate -Made in Italy Gift Set - 3.4 fl oz (100ml)
Bullet Point 1: TRADITIONAL BALSAMIC VINEGAR OF MODENA - This is the only type of bottle guaranteed by the Consortium of Traditional Balsamic Vinegar Producers in Modena, Italy. (Aceto Balsamico Tradizionale di Modena).
Bullet Point 2: AGED WITH CARE - Our Extravecchio Traditional Balsamic Vinegar of Modena has been aged in 400-year-old barrels for a minimum of 25 years.
Bullet Point 3: PERFECT FOR MANY TYPES OF FOOD - Delicious on meat, cheese, fish, salads, fruit, vegetables, desserts, or enjoyed on its own.
Bullet Point 4: INCLUDES BEAUTIFUL WOODEN CASE - The case houses the bottle of this decadent condiment. It creates a thoughtful Traditional Balsamic Vinegar of Modena gift set for foodies, house-warmings, anniversaries, hosts, hostesses, and birthdays.
Bullet Point 5: PERSONALIZED GIFT - Select ""Customize Now"" to engrave the luxurious wooden gift box with a name or initials, making it a unique gift for cooks and foodies who treasure fine food and ingredients.
Bullet Point 6: ABOUT GIUSTI - Giusti has been producing Balsamic Vinegar of Modena since 1605, passing down an old family recipe for 17 generations.
Bullet Point 7: PRODUCT OF ITALY - Made in Modena, Italy through a careful selection of quality ingredients. Refined in over four hundred years of history, Acetaia Giusti combines respect for tradition with a modern and sustainable production philosophy, which enhances the people and the territory in which it operates.
Bullet Point 8: MODENA, ITALY - Modena is a small town in the Emilia-Romagna region of northern Italy. Located between two rivers, it features a subtropical climate perfect for growing grapes used in high-quality balsamic vinegar and winemaking. This region is the epitome of gourmet Italian food and condiments.
Bullet Point 9: MAKES A GREAT GIFT - Pair with other products from our line to create a thoughtful gift for holidays, anniversaries, birthdays, employee appreciation, thank you, and hosts. We recommend our best-selling Balsamic Vinegar of Modena - 3 Gold Medals, our White Wine Vinegar Condiment, and our 25-year-old Traditional Balsamic Vinegar of Modena DOP which is always appreciated by foodies, chefs, and home cooks.
Bullet Point 10: VISIT THE GIUSTI STORE - View recipe suggestions and additional gourmet Italian products such as aged balsamic vinegar of Modena, aceto balsamico di modena IGP, balsamic reduction, flavored vinegar, extra virgin olive oil, white wine vinegar, organic vinegar, and gourmet foods made with balsamic vinegar.
Product Description: Giusti 25-year Extra Vecchio Grade Traditional Balsamic Vinegar - Letting you taste moments of perfection with every bite. Are you looking to enrich your meals with a unique and exquisite taste that you can't find anywhere else?. Have you been wanting to try true balsamic vinegar, but don't know the difference between the different kinds and qualities?. If so, Giusti Traditional Balsamic Vinegars are what you need!. Presenting Giusti's 25-Year Traditional Balsamic Vinegar. Using only the ripest Lambrusco or Trebbiano grapes and aged to perfection in wooden casks, Giusti's Balsamic Vinegars are like a small taste of heaven drizzled onto your favorite foods. This specialty Extra Vecchio grade traditional balsamic vinegar has been aged and matured for 25 years at the Giusti Villa in Modena and passed the D.O.P. (""Denominazione di Origine Protetta"") certification process with flying colors. Featuring a rich and complex sweetness to it, you will also be able to pick up on the subtle hints of wood from the barrel it aged in, giving it a unique and delectable smokiness as well. Whether you decide to drizzle it on fresh fruit, your favorite cheeses, meats, or just on a cracker, you will immediately be taken on a journey through the Giusti vineyards of Modena, drawing in the aromas that followed just over the decade this vinegar aged with, with each and every bite. Each bottle sold of this balsamic vinegar also includes a custom laser engraved box that is the perfect complement to the quality and craftsmanship of the vinegar itself. Are you ready to experience the delicate flavors of Modena? Click the -Add to Cart- button and let yourself enjoy the traditional tastes of perfection with our 25-year Aceto Balsamico Tradizionale.
Value: 3.38
Unit: Fl Oz
",https://m.media-amazon.com/images/I/81cS4D7VjtL.jpg
